"安装与调试-TCF部署TECS Director-部署前准备-节点及规格-虚机场景:
虚机场景下节点规格参见表1。
安装与调试-TCF部署TECS Director-部署前准备-节点及规格-虚机场景
### 表1  节点规格
| 场景 | 节点 | 部署规模 | 管理规模 | Paas规格 | vCPU（core） | 内存（GB） | 存储（GB） |
|---|---|---|---|---|---|---|---|
| '通用场景' | '单节点' | 'tiny' | '<=100主机  ，等效1000虚机' | '24;128;600' | '' | '' | '' |
| '通用场景' | '三节点' | 'tiny' | '<=100主机  ，等效1000虚机' | '24;128;840' | '' | '' | '' |
| '通用场景' | '三节点' | 'small' | '101~500主机 ， 等效5000虚机' | '24;128;2000' | '' | '' | '' |
| '通用场景' | '六节点' | 'medium' | '501~1000主机， 等效10000虚机' | '24;128;控制节点2000;计算节点1500' | '' | '' | '' |
| '通用场景' | '九节点' | 'large' | '1000~2000主机，等效20000虚机' | '24;128;控制节点2000;计算节点1500' | '' | '' | '' |
| 'CCM场景' | '三节点' | 'tiny' | '<=100主机 ，等效1000虚机' | '16;64;700' | '' | '' | '' |
| 'MEO场景' | '六节点' | 'large' | '1000~2000主机，等效20000虚机' | '20;128;600' | '' | '' | '' |

磁盘分区参见表2。","安装与调试-TCF部署TECS Director-部署前准备-节点及规格-虚机场景:
虚机场景下节点规格参见表1。 安装与调试-TCF部署TECS Director-部署前准备-节点及规格-虚机场景-表1  节点规格:
场景:'通用场景'; 节点:'单节点'; 部署规模:'tiny'; 管理规模:'<=100主机  ，等效1000虚机'; Paas规格:'24;128;600'; vCPU（core）:''; 内存（GB）:''; 存储（GB）:''","安装与调试-TCF部署TECS Director-部署前准备-节点及规格-虚机场景:
 安装与调试-TCF部署TECS Director-部署前准备-节点及规格-虚机场景-表1  节点规格:
场景:'通用场景'; 节点:'三节点'; 部署规模:'tiny'; 管理规模:'<=100主机  ，等效1000虚机'; Paas规格:'24;128;840'; vCPU（core）:''; 内存（GB）:''; 存储（GB）:''","安装与调试-TCF部署TECS Director-部署前准备-节点及规格-虚机场景:
 安装与调试-TCF部署TECS Director-部署前准备-节点及规格-虚机场景-表1  节点规格:
场景:'通用场景'; 节点:'三节点'; 部署规模:'small'; 管理规模:'101~500主机 ， 等效5000虚机'; Paas规格:'24;128;2000'; vCPU（core）:''; 内存（GB）:''; 存储（GB）:''","安装与调试-TCF部署TECS Director-部署前准备-节点及规格-虚机场景:
 安装与调试-TCF部署TECS Director-部署前准备-节点及规格-虚机场景-表1  节点规格:
场景:'通用场景'; 节点:'六节点'; 部署规模:'medium'; 管理规模:'501~1000主机， 等效10000虚机'; Paas规格:'24;128;控制节点2000;计算节点1500'; vCPU（core）:''; 内存（GB）:''; 存储（GB）:''","安装与调试-TCF部署TECS Director-部署前准备-节点及规格-虚机场景:
 安装与调试-TCF部署TECS Director-部署前准备-节点及规格-虚机场景-表1  节点规格:
场景:'通用场景'; 节点:'九节点'; 部署规模:'large'; 管理规模:'1000~2000主机，等效20000虚机'; Paas规格:'24;128;控制节点2000;计算节点1500'; vCPU（core）:''; 内存（GB）:''; 存储（GB）:''","安装与调试-TCF部署TECS Director-部署前准备-节点及规格-虚机场景:
 安装与调试-TCF部署TECS Director-部署前准备-节点及规格-虚机场景-表1  节点规格:
场景:'CCM场景'; 节点:'三节点'; 部署规模:'tiny'; 管理规模:'<=100主机 ，等效1000虚机'; Paas规格:'16;64;700'; vCPU（core）:''; 内存（GB）:''; 存储（GB）:''","安装与调试-TCF部署TECS Director-部署前准备-节点及规格-虚机场景:
安装与调试-TCF部署TECS Director-部署前准备-节点及规格-虚机场景-表1  节点规格:
场景:'MEO场景'; 节点:'六节点'; 部署规模:'large'; 管理规模:'1000~2000主机，等效20000虚机'; Paas规格:'20;128;600'; vCPU（core）:''; 内存（GB）:''; 存储（GB）:''
磁盘分区参见表2。"
"安装与调试-TCF部署TECS Director-部署前准备-节点及规格-虚机场景
### 表2  磁盘分区
| 盘符 | 分区 | 挂载目录 | 空间规格(GB) | 说明 |
|---|---|---|---|---|
| 'vda系统盘' | '根分区' | '/' | '40' | 'OS根分区;使用默认值，用户无需修改' |
| 'vda系统盘' | '/paasdata/offline分区' | '/paasdata/offline' | '100' | '/paasdata/offline分区;使用默认值，用户无需修改' |
| 'vda系统盘' | 'PaaS分区' | '/paasdata' | '220' | 'PaaS分区、 应用版本镜像、容器运行空间;使用默认值，用户无需修改' |
| 'vda系统盘' | '调测日志' | '/var/zte-log' | '>20' | '记录Director服务调测日志;使用默认值，用户无需修改' |
| 'vdb数据盘' | 'PG' | '/paasdata/op-comsrv/data/PostgreSQL_VNPM' | '>72' | 'PG的log 32 GB + 40 GB业务数据;可修改，当取最小值时仅考虑能安全部署起来的空间，不做业务量的评估（现场实际使用大小需要规划给出参考HLD）' |
| 'vdb数据盘' | 'PGCache' | '/paasdata/op-comsrv/data/PostgreSQLCACHE_VNPM' | '>40' | 'PG的log 32 GB;可修改，当取最小值时仅考虑能安全部署起来的空间，不做业务量的评估（现场实际使用大小需要规划给出参考HLD）' |
| 'vdb数据盘' | 'ES' | '/paasdata/op-comsrv/data/ES-5.4.3' | '>40' | 'ES清理最小监控粒度;可修改，当取最小值时仅考虑能安全部署起来的空间，不做业务量的评估（现场实际使用大小需要规划给出参考HLD）' |
| 'vdb数据盘' | 'Cassandra' | '/paasdata/volume/cassandra' | '>30' | 'tiny规格时取最小值;可修改，当取最小值时仅考虑能安全部署起来的空间，不做业务量的评估（现场实际使用大小需要规划给出参考HLD）' |
| 'vdb数据盘' | 'Kafka' | '/paasdata/op-comsrv/data/Apache-Kafka/kafka-director-external' | '>30' | 'tiny规格时取最小值;可修改，当取最小值时仅考虑能安全部署起来的空间，不做业务量的评估（现场实际使用大小需要规划给出参考HLD）' |
| 'vdb数据盘' | 'GlusterFS' | '/glusterdata/volumedata' | '>60' | 'OKI默认配置最小值;可修改，当取最小值时仅考虑能安全部署起来的空间，不做业务量的评估（现场实际使用大小需要规划给出参考HLD）' |
"," 安装与调试-TCF部署TECS Director-部署前准备-节点及规格-虚机场景-表2  磁盘分区:
盘符:'vda系统盘'; 分区:'根分区'; 挂载目录:'/'; 空间规格(GB):'40'; 说明:'OS根分区;使用默认值，用户无需修改'
盘符:'vda系统盘'; 分区:'/paasdata/offline分区'; 挂载目录:'/paasdata/offline'; 空间规格(GB):'100'; 说明:'/paasdata/offline分区;使用默认值，用户无需修改'"," 安装与调试-TCF部署TECS Director-部署前准备-节点及规格-虚机场景-表2  磁盘分区:
盘符:'vda系统盘'; 分区:'PaaS分区'; 挂载目录:'/paasdata'; 空间规格(GB):'220'; 说明:'PaaS分区、 应用版本镜像、容器运行空间;使用默认值，用户无需修改'
盘符:'vda系统盘'; 分区:'调测日志'; 挂载目录:'/var/zte-log'; 空间规格(GB):'>20'; 说明:'记录Director服务调测日志;使用默认值，用户无需修改'"," 安装与调试-TCF部署TECS Director-部署前准备-节点及规格-虚机场景-表2  磁盘分区:
盘符:'vdb数据盘'; 分区:'PG'; 挂载目录:'/paasdata/op-comsrv/data/PostgreSQL_VNPM'; 空间规格(GB):'>72'; 说明:'PG的log 32 GB + 40 GB业务数据;可修改，当取最小值时仅考虑能安全部署起来的空间，不做业务量的评估（现场实际使用大小需要规划给出参考HLD）'"," 安装与调试-TCF部署TECS Director-部署前准备-节点及规格-虚机场景-表2  磁盘分区:
盘符:'vdb数据盘'; 分区:'PGCache'; 挂载目录:'/paasdata/op-comsrv/data/PostgreSQLCACHE_VNPM'; 空间规格(GB):'>40'; 说明:'PG的log 32 GB;可修改，当取最小值时仅考虑能安全部署起来的空间，不做业务量的评估（现场实际使用大小需要规划给出参考HLD）'"," 安装与调试-TCF部署TECS Director-部署前准备-节点及规格-虚机场景-表2  磁盘分区:
盘符:'vdb数据盘'; 分区:'ES'; 挂载目录:'/paasdata/op-comsrv/data/ES-5.4.3'; 空间规格(GB):'>40'; 说明:'ES清理最小监控粒度;可修改，当取最小值时仅考虑能安全部署起来的空间，不做业务量的评估（现场实际使用大小需要规划给出参考HLD）'"," 安装与调试-TCF部署TECS Director-部署前准备-节点及规格-虚机场景-表2  磁盘分区:
盘符:'vdb数据盘'; 分区:'Cassandra'; 挂载目录:'/paasdata/volume/cassandra'; 空间规格(GB):'>30'; 说明:'tiny规格时取最小值;可修改，当取最小值时仅考虑能安全部署起来的空间，不做业务量的评估（现场实际使用大小需要规划给出参考HLD）'"," 安装与调试-TCF部署TECS Director-部署前准备-节点及规格-虚机场景-表2  磁盘分区:
盘符:'vdb数据盘'; 分区:'Kafka'; 挂载目录:'/paasdata/op-comsrv/data/Apache-Kafka/kafka-director-external'; 空间规格(GB):'>30'; 说明:'tiny规格时取最小值;可修改，当取最小值时仅考虑能安全部署起来的空间，不做业务量的评估（现场实际使用大小需要规划给出参考HLD）'","安装与调试-TCF部署TECS Director-部署前准备-节点及规格-虚机场景-表2  磁盘分区:
盘符:'vdb数据盘'; 分区:'GlusterFS'; 挂载目录:'/glusterdata/volumedata'; 空间规格(GB):'>60'; 说明:'OKI默认配置最小值;可修改，当取最小值时仅考虑能安全部署起来的空间，不做业务量的评估（现场实际使用大小需要规划给出参考HLD）'"
