"安装与调试-TCF部署TECS Director-部署前准备-网络规划-物理机容灾场景:
物理机容灾场景的网络配置组网图如图1所示。
图1  组网图
网络平面配置参见表1。
安装与调试-TCF部署TECS Director-部署前准备-网络规划-物理机容灾场景
### 表1  网络平面配置
| 逻辑网络平面 | 承载物理网口 | IP地址个数 | IP配置方法 | 描述 | 备注 |
|---|---|---|---|---|---|
| '北向/运维网络平面' | '外部物理网口（bond0）' | '5' | '手动设3个固定ip到控制节点，临时配置不能固化，其他2个浮动ip系统安装时自动配置' | '客户端访问Director网络，Dirctor访问NTP-Server网络' | '平台运维和北向业务网络合一;地址：3+1+1;平台运维：3个固定地址，1个VIP;业务SLB 1个地址' |
| 'Tecs Client网络（南向网络）' | '外部物理网口（bond0）' | '1' | '人工规划，系统安装时自动配置' | 'Director访问TECS，以及Provider上报网络平面' | 'SLB业务1个地址' |
| 'Public Api网络（南向网络）' | '外部物理网口（bond0）' | '1' | '人工规划，系统安装时自动配置' | 'Director访问TECS，以及Provider上报网络平面' | 'SLB业务1个地址' |
| 'Sto-Data网络（存储网络数据面）' | '存储物理网口（bond2）' | 'N(N为节点个数)' | '人工规划，系统安装时自动配置' | '外置存储数据平面' | '可选： 如果使用本地盘，则不需要规划该平面' |
| 'Sto-Mgt网络（存储网络管理面）' | '存储物理网口（bond2）' | '3' | '人工规划，系统安装时自动配置' | '外置存储管理平面' | '可选： 如果是预置卷（提前建好了卷），则不需要规划该平面' |
| 'PXE网络（部署网络）' | '内部物理网口（bond1）' | '>N+1(N为节点个数)' | '人工规划，在DaisySeed侧配置地址池' | '按照裸机操作系统所用网络平面' | 'vlan需要配置成同交换机端口native vlan一致' |
| '内部网络池（Net-API网络）' | '内部物理网口（bond1）' | 'PaaS自动分配' | '人工规划20个连续的VLANID ，1000个IP并配置' | 'TCF 内部网络管理分配' | '物理机场景使用underlay网络，每个租户网络是独立vlan' |
| 'GR-Net' | '外部物理网络（eth0）' | '1' | '人工规划，系统安装时自动配置' | '中间容灾网络（FTP/PG/ES）' | '-' |
| 'GR-Cassandra' | '外部物理网络（eth0）' | 'N(N为节点个数)' | '自动分配' | 'cassandra异地容网络' | '这个是应用网络，需要站点间互通' |
| '带外网络平面（BMC网络）' | 'DaisySeed需要接入' | '1' | '人工规划' | '部署裸机，重启服务器使用' | '部署裸机，重启服务器使用' |

容灾需要配置防火墙开启，参见表2。","安装与调试-TCF部署TECS Director-部署前准备-网络规划-物理机容灾场景:
物理机容灾场景的网络配置组网图如图1所示。
图1  组网图
网络平面配置参见表1。 安装与调试-TCF部署TECS Director-部署前准备-网络规划-物理机容灾场景-表1  网络平面配置:
逻辑网络平面:'北向/运维网络平面'; 承载物理网口:'外部物理网口（bond0）'; IP地址个数:'5'; IP配置方法:'手动设3个固定ip到控制节点，临时配置不能固化，其他2个浮动ip系统安装时自动配置'; 描述:'客户端访问Director网络，Dirctor访问NTP-Server网络'; 备注:'平台运维和北向业务网络合一;地址：3+1+1;平台运维：3个固定地址，1个VIP;业务SLB 1个地址'","安装与调试-TCF部署TECS Director-部署前准备-网络规划-物理机容灾场景:
 安装与调试-TCF部署TECS Director-部署前准备-网络规划-物理机容灾场景-表1  网络平面配置:
逻辑网络平面:'Tecs Client网络（南向网络）'; 承载物理网口:'外部物理网口（bond0）'; IP地址个数:'1'; IP配置方法:'人工规划，系统安装时自动配置'; 描述:'Director访问TECS，以及Provider上报网络平面'; 备注:'SLB业务1个地址'","安装与调试-TCF部署TECS Director-部署前准备-网络规划-物理机容灾场景:
 安装与调试-TCF部署TECS Director-部署前准备-网络规划-物理机容灾场景-表1  网络平面配置:
逻辑网络平面:'Public Api网络（南向网络）'; 承载物理网口:'外部物理网口（bond0）'; IP地址个数:'1'; IP配置方法:'人工规划，系统安装时自动配置'; 描述:'Director访问TECS，以及Provider上报网络平面'; 备注:'SLB业务1个地址'","安装与调试-TCF部署TECS Director-部署前准备-网络规划-物理机容灾场景:
 安装与调试-TCF部署TECS Director-部署前准备-网络规划-物理机容灾场景-表1  网络平面配置:
逻辑网络平面:'Sto-Data网络（存储网络数据面）'; 承载物理网口:'存储物理网口（bond2）'; IP地址个数:'N(N为节点个数)'; IP配置方法:'人工规划，系统安装时自动配置'; 描述:'外置存储数据平面'; 备注:'可选： 如果使用本地盘，则不需要规划该平面'","安装与调试-TCF部署TECS Director-部署前准备-网络规划-物理机容灾场景:
 安装与调试-TCF部署TECS Director-部署前准备-网络规划-物理机容灾场景-表1  网络平面配置:
逻辑网络平面:'Sto-Mgt网络（存储网络管理面）'; 承载物理网口:'存储物理网口（bond2）'; IP地址个数:'3'; IP配置方法:'人工规划，系统安装时自动配置'; 描述:'外置存储管理平面'; 备注:'可选： 如果是预置卷（提前建好了卷），则不需要规划该平面'","安装与调试-TCF部署TECS Director-部署前准备-网络规划-物理机容灾场景:
 安装与调试-TCF部署TECS Director-部署前准备-网络规划-物理机容灾场景-表1  网络平面配置:
逻辑网络平面:'PXE网络（部署网络）'; 承载物理网口:'内部物理网口（bond1）'; IP地址个数:'>N+1(N为节点个数)'; IP配置方法:'人工规划，在DaisySeed侧配置地址池'; 描述:'按照裸机操作系统所用网络平面'; 备注:'vlan需要配置成同交换机端口native vlan一致'","安装与调试-TCF部署TECS Director-部署前准备-网络规划-物理机容灾场景:
 安装与调试-TCF部署TECS Director-部署前准备-网络规划-物理机容灾场景-表1  网络平面配置:
逻辑网络平面:'内部网络池（Net-API网络）'; 承载物理网口:'内部物理网口（bond1）'; IP地址个数:'PaaS自动分配'; IP配置方法:'人工规划20个连续的VLANID ，1000个IP并配置'; 描述:'TCF 内部网络管理分配'; 备注:'物理机场景使用underlay网络，每个租户网络是独立vlan'","安装与调试-TCF部署TECS Director-部署前准备-网络规划-物理机容灾场景:
 安装与调试-TCF部署TECS Director-部署前准备-网络规划-物理机容灾场景-表1  网络平面配置:
逻辑网络平面:'GR-Net'; 承载物理网口:'外部物理网络（eth0）'; IP地址个数:'1'; IP配置方法:'人工规划，系统安装时自动配置'; 描述:'中间容灾网络（FTP/PG/ES）'; 备注:'-'","安装与调试-TCF部署TECS Director-部署前准备-网络规划-物理机容灾场景:
 安装与调试-TCF部署TECS Director-部署前准备-网络规划-物理机容灾场景-表1  网络平面配置:
逻辑网络平面:'GR-Cassandra'; 承载物理网口:'外部物理网络（eth0）'; IP地址个数:'N(N为节点个数)'; IP配置方法:'自动分配'; 描述:'cassandra异地容网络'; 备注:'这个是应用网络，需要站点间互通'","安装与调试-TCF部署TECS Director-部署前准备-网络规划-物理机容灾场景:
安装与调试-TCF部署TECS Director-部署前准备-网络规划-物理机容灾场景-表1  网络平面配置:
逻辑网络平面:'带外网络平面（BMC网络）'; 承载物理网口:'DaisySeed需要接入'; IP地址个数:'1'; IP配置方法:'人工规划'; 描述:'部署裸机，重启服务器使用'; 备注:'部署裸机，重启服务器使用'
容灾需要配置防火墙开启，参见表2。"
"安装与调试-TCF部署TECS Director-部署前准备-网络规划-物理机容灾场景
### 表2  防火墙配置
| 网络平面 | 源 | 目的 | 开放端口 | 作用 |
|---|---|---|---|---|
| 'GR-NET' | '站点1 SLB IP' | '站点2 SLB IP' | '3011,3012' | 'NDR Https' |
| 'GR-NET' | '站点2 SLB IP' | '站点1 SLB IP' | '3011,3012' | 'NDR Https' |
| 'GR-NET' | '站点2 SLB IP' | '站点1 SLB IP' | 'cpaas 1043 / TCF  18888' | '心跳' |
| 'GR-NET' | '站点1 SLB IP' | '站点2 SLB IP' | 'cpaas 1043 / TCF  18888' | '心跳' |
| 'GR-NET' | '站点1 SLB IP' | '站点2 SLB IP' | '(4500-4608)/(4610-4999)' | '中间件容灾数据' |
| 'GR-NET' | '站点2 SLB IP' | '站点1 SLB IP' | '(4500-4608)/(4610-4999)' | '中间件容灾数据' |
| 'GR-Cassandra' | '站点1 三层子网' | '站点2 三层子网' | '7001' | '两地点到点通信' |
| 'GR-Cassandra' | '站点2 三层子网' | '站点1 三层子网' | '7001' | '两地点到点通信' |
"," 安装与调试-TCF部署TECS Director-部署前准备-网络规划-物理机容灾场景-表2  防火墙配置:
网络平面:'GR-NET'; 源:'站点1 SLB IP'; 目的:'站点2 SLB IP'; 开放端口:'3011,3012'; 作用:'NDR Https'
网络平面:'GR-NET'; 源:'站点2 SLB IP'; 目的:'站点1 SLB IP'; 开放端口:'3011,3012'; 作用:'NDR Https'"," 安装与调试-TCF部署TECS Director-部署前准备-网络规划-物理机容灾场景-表2  防火墙配置:
网络平面:'GR-NET'; 源:'站点2 SLB IP'; 目的:'站点1 SLB IP'; 开放端口:'cpaas 1043 / TCF  18888'; 作用:'心跳'
网络平面:'GR-NET'; 源:'站点1 SLB IP'; 目的:'站点2 SLB IP'; 开放端口:'cpaas 1043 / TCF  18888'; 作用:'心跳'"," 安装与调试-TCF部署TECS Director-部署前准备-网络规划-物理机容灾场景-表2  防火墙配置:
网络平面:'GR-NET'; 源:'站点1 SLB IP'; 目的:'站点2 SLB IP'; 开放端口:'(4500-4608)/(4610-4999)'; 作用:'中间件容灾数据'
网络平面:'GR-NET'; 源:'站点2 SLB IP'; 目的:'站点1 SLB IP'; 开放端口:'(4500-4608)/(4610-4999)'; 作用:'中间件容灾数据'","安装与调试-TCF部署TECS Director-部署前准备-网络规划-物理机容灾场景-表2  防火墙配置:
网络平面:'GR-Cassandra'; 源:'站点1 三层子网'; 目的:'站点2 三层子网'; 开放端口:'7001'; 作用:'两地点到点通信'
网络平面:'GR-Cassandra'; 源:'站点2 三层子网'; 目的:'站点1 三层子网'; 开放端口:'7001'; 作用:'两地点到点通信'"
