"安装与调试-TCF部署TECS Director-部署前准备-网络规划-物理机非容灾场景
物理机非容灾场景的网络配置组网图如图1所示。
图1  组网图
网络平面配置参见表1。
安装与调试-TCF部署TECS Director-部署前准备-网络规划-物理机非容灾场景
### 表1  网络平面配置
| 逻辑网络平面 | 承载物理网口 | IP地址个数 | IP配置方法 | 描述 | 备注 |
|---|---|---|---|---|---|
| '北向网络' | '外部物理网口（bond0）' | '6' | '手动设3个固定ip到控制节点，临时配置不能固化，其他2个浮动ip系统安装时自动配置' | '客户端访问Director网络，Dirctor访问NTP-Server网络' | '平台运维和北向业务网络合一;地址：3+1+1+1；平台运维：3个固定地址，1个VIP;业务SLB 1个地址;DaisySeed 1个地址' |
| 'TecsClient网络（南向网络）' | '外部物理网口（bond0）' | '1' | '人工规划，系统安装时自动配置' | 'Director访问TECS，以及Provider上报网络平面' | 'SLB业务一个地址' |
| 'PubApi网络（南向网络）' | '外部物理网口（bond0）' | '1' | '人工规划，系统安装时自动配置' | 'Director访问TECS，以及Provider上报网络平面' | 'SLB业务一个地址' |
| 'Sto-Data网络（存储网络数据面）' | '存储物理网口（bond2）' | 'N(N为节点个数)' | '人工规划，系统安装时自动配置' | '外置存储数据平面' | '可选： 如果使用本地盘，则不需要规划该平面' |
| 'Sto-Mgt网络（存储网络管理面）' | '存储物理网口（bond2）' | '3' | '人工规划，系统安装时自动配置' | '外置存储管理平面' | '可选： 如果是预置卷（提前建好了卷），则不需要规划该平面' |
| 'PXE网络' | '内部物理网口（bond1）' | '>N(N为节点个数)' | '人工规划，在DaisySeed侧配置地址池；' | '按照裸机操作系统所用网络平面' | 'vlan需要配置成同交换机端口native vlan一致' |
| '内部网络池（Net-API）' | '内部物理网口（bond1）' | 'PaaS自动分配' | '人工规划20个连续的VLANID ，1000个IP并配置' | 'TCF 内部网络管理分配' | '物理机场景使用underlay网络，每个租户网络是独立vlan' |
| '带外网络' | 'DaisySeed;使用' | '1' | '人工配置' | '安装操作系统，使用带外启动裸机' | '-' |
","安装与调试-TCF部署TECS Director-部署前准备-网络规划-物理机非容灾场景:
物理机非容灾场景的网络配置组网图如图1所示。
图1  组网图
网络平面配置参见表1。 安装与调试-TCF部署TECS Director-部署前准备-网络规划-物理机非容灾场景-表1  网络平面配置:
逻辑网络平面:'北向网络'; 承载物理网口:'外部物理网口（bond0）'; IP地址个数:'6'; IP配置方法:'手动设3个固定ip到控制节点，临时配置不能固化，其他2个浮动ip系统安装时自动配置'; 描述:'客户端访问Director网络，Dirctor访问NTP-Server网络'; 备注:'平台运维和北向业务网络合一;地址：3+1+1+1；平台运维：3个固定地址，1个VIP;业务SLB 1个地址;DaisySeed 1个地址'"," 安装与调试-TCF部署TECS Director-部署前准备-网络规划-物理机非容灾场景-表1  网络平面配置:
逻辑网络平面:'TecsClient网络（南向网络）'; 承载物理网口:'外部物理网口（bond0）'; IP地址个数:'1'; IP配置方法:'人工规划，系统安装时自动配置'; 描述:'Director访问TECS，以及Provider上报网络平面'; 备注:'SLB业务一个地址'
逻辑网络平面:'PubApi网络（南向网络）'; 承载物理网口:'外部物理网口（bond0）'; IP地址个数:'1'; IP配置方法:'人工规划，系统安装时自动配置'; 描述:'Director访问TECS，以及Provider上报网络平面'; 备注:'SLB业务一个地址'"," 安装与调试-TCF部署TECS Director-部署前准备-网络规划-物理机非容灾场景-表1  网络平面配置:
逻辑网络平面:'Sto-Data网络（存储网络数据面）'; 承载物理网口:'存储物理网口（bond2）'; IP地址个数:'N(N为节点个数)'; IP配置方法:'人工规划，系统安装时自动配置'; 描述:'外置存储数据平面'; 备注:'可选： 如果使用本地盘，则不需要规划该平面'
逻辑网络平面:'Sto-Mgt网络（存储网络管理面）'; 承载物理网口:'存储物理网口（bond2）'; IP地址个数:'3'; IP配置方法:'人工规划，系统安装时自动配置'; 描述:'外置存储管理平面'; 备注:'可选： 如果是预置卷（提前建好了卷），则不需要规划该平面'"," 安装与调试-TCF部署TECS Director-部署前准备-网络规划-物理机非容灾场景-表1  网络平面配置:
逻辑网络平面:'PXE网络'; 承载物理网口:'内部物理网口（bond1）'; IP地址个数:'>N(N为节点个数)'; IP配置方法:'人工规划，在DaisySeed侧配置地址池；'; 描述:'按照裸机操作系统所用网络平面'; 备注:'vlan需要配置成同交换机端口native vlan一致'"," 安装与调试-TCF部署TECS Director-部署前准备-网络规划-物理机非容灾场景-表1  网络平面配置:
逻辑网络平面:'内部网络池（Net-API）'; 承载物理网口:'内部物理网口（bond1）'; IP地址个数:'PaaS自动分配'; IP配置方法:'人工规划20个连续的VLANID ，1000个IP并配置'; 描述:'TCF 内部网络管理分配'; 备注:'物理机场景使用underlay网络，每个租户网络是独立vlan'","安装与调试-TCF部署TECS Director-部署前准备-网络规划-物理机非容灾场景-表1  网络平面配置:
逻辑网络平面:'带外网络'; 承载物理网口:'DaisySeed;使用'; IP地址个数:'1'; IP配置方法:'人工配置'; 描述:'安装操作系统，使用带外启动裸机'; 备注:'-'"
