"安装与调试-TCF部署TECS Director-部署前准备-网络规划-虚机非容灾场景-通用场景
通用场景的网络配置组网图如图1所示。
图1  通用场景组网图
通用场景的网络平面配置参见表1。
安装与调试-TCF部署TECS Director-部署前准备-网络规划-虚机非容灾场景-通用场景
### 表1  通用场景网络平面配置
| 网络平面 | IP地址个数 | IP配置方法 | 描述 | 备注 |
|---|---|---|---|---|
| '北向网络' | '1' | '人工规划，系统安装时自动配置' | '客户端访问Director portal网络，以及北向上报网络' | 'SLB 托管网络' |
| 'TecsClient网络（南向网络）' | '1' | '人工规划，系统安装时自动配置' | 'Director访问TECS的TECSCLIENT平面' | 'SLB 托管网络' |
| 'PubApi网络（南向网络）' | '1' | '人工规划，系统安装时自动配置' | 'Director访问TECS的PUBLICAPI平面' | 'SLB 托管网络' |
| '运维网络（net-iapi）' | '5' | '手动配置3个固定IP到环境并固化到文件，1个VIP系统安装时自动配置' | '节点SSH和NTP服务网络平面、Director访问对象存储的S3平面（DNS）' | '主机网络，3个固定IP，1个VIP;DaisySeed 需要1个' |
| '内部网络（net-api）' | '地址池：N+2+20（N = 节点个数）' | '每个节点的net_api网络ip（规划的前N+2）， 当前版本约束需要多出2个地址，否则会部署失败;其余20个规划PaaS内部组件VIP使用' | 'PaaS内部网络，东西向流量' | '-' |
","安装与调试-TCF部署TECS Director-部署前准备-网络规划-虚机非容灾场景-通用场景:
通用场景的网络配置组网图如图1所示。
图1  通用场景组网图
通用场景的网络平面配置参见表1。 安装与调试-TCF部署TECS Director-部署前准备-网络规划-虚机非容灾场景-通用场景-表1  通用场景网络平面配置:
网络平面:'北向网络'; IP地址个数:'1'; IP配置方法:'人工规划，系统安装时自动配置'; 描述:'客户端访问Director portal网络，以及北向上报网络'; 备注:'SLB 托管网络'"," 安装与调试-TCF部署TECS Director-部署前准备-网络规划-虚机非容灾场景-通用场景-表1  通用场景网络平面配置:
网络平面:'TecsClient网络（南向网络）'; IP地址个数:'1'; IP配置方法:'人工规划，系统安装时自动配置'; 描述:'Director访问TECS的TECSCLIENT平面'; 备注:'SLB 托管网络'
网络平面:'PubApi网络（南向网络）'; IP地址个数:'1'; IP配置方法:'人工规划，系统安装时自动配置'; 描述:'Director访问TECS的PUBLICAPI平面'; 备注:'SLB 托管网络'"," 安装与调试-TCF部署TECS Director-部署前准备-网络规划-虚机非容灾场景-通用场景-表1  通用场景网络平面配置:
网络平面:'运维网络（net-iapi）'; IP地址个数:'5'; IP配置方法:'手动配置3个固定IP到环境并固化到文件，1个VIP系统安装时自动配置'; 描述:'节点SSH和NTP服务网络平面、Director访问对象存储的S3平面（DNS）'; 备注:'主机网络，3个固定IP，1个VIP;DaisySeed 需要1个'","安装与调试-TCF部署TECS Director-部署前准备-网络规划-虚机非容灾场景-通用场景-表1  通用场景网络平面配置:
网络平面:'内部网络（net-api）'; IP地址个数:'地址池：N+2+20（N = 节点个数）'; IP配置方法:'每个节点的net_api网络ip（规划的前N+2）， 当前版本约束需要多出2个地址，否则会部署失败;其余20个规划PaaS内部组件VIP使用'; 描述:'PaaS内部网络，东西向流量'; 备注:'-'"
