"安装与调试-TCF部署TECS Director-部署前准备-网络规划-虚机容灾场景
虚机容灾场景的组网图如图1所示。
图1  组网图
网络平面配置参见表1。
安装与调试-TCF部署TECS Director-部署前准备-网络规划-虚机容灾场景
### 表1  网络平面配置
| 网络平面 | IP地址个数 | IP配置方法 | 描述 | 备注 |
|---|---|---|---|---|
| '北向网络' | '1' | '人工规划，系统安装时自动配置' | '客户端访问Director portal网络，以及北向上报网络' | 'SLB 托管网络' |
| 'TecsClient网络（南向网络）' | '1' | '人工规划，系统安装时自动配置' | 'Director访问TCF网络' | 'SLB 托管网络' |
| 'Public API网络;（南向网络）' | '1' | '人工规划，系统安装时自动配置' | 'Director访问TCF网络' | 'SLB 托管网络' |
| '运维网络（net-api）' | '5' | '手动配置3个固定IP到环境并固化到文件，1个VIP系统安装时自动配置' | '节点SSH和NTP服务网络平面' | '主机网络，3个固定IP，1个VIP;DaisySeed 需要1个;需要同对端运维网络互通' |
| 'GR-NET' | '1' | '人工规划，系统安装时自动配置' | '异地容灾网络' | '需要配置同对端GR-NET互通' |
| '内部网络（net-iapi）' | '地址池：N+2+20（N = 节点个数）' | '每个节点的net_api网络ip（规划的前N+2）； 当前版本约束需要多出2个地址，否则会部署失败。;其余20个规划PaaS内部组件VIP使用。' | 'PaaS内部网络，东西向流量' | '-' |

容灾需要配置防火墙开启，参见表2。
安装与调试-TCF部署TECS Director-部署前准备-网络规划-虚机容灾场景
### 表2  防火墙配置
| 网络平面 | 源 | 目的 | 开放端口 | 作用 |
|---|---|---|---|---|
| 'GR-NET' | '站点1 SLB IP' | '站点2 SLB IP' | '3011,3012' | 'NDR Https' |
| 'GR-NET' | '站点2 SLB IP' | '站点1 SLB IP' | '3011,3012' | 'NDR Https' |
| 'GR-NET' | '站点2 SLB IP' | '站点1 SLB IP' | 'cpaas 1043 / TCF  18888' | '心跳' |
| 'GR-NET' | '站点1 SLB IP' | '站点2 SLB IP' | 'cpaas 1043 / TCF  18888' | '心跳' |
| 'GR-NET' | '站点1 SLB IP' | '站点2 SLB IP' | '(4500-4608)/(4610-4999)' | '中间件容灾数据' |
| 'GR-NET' | '站点2 SLB IP' | '站点1 SLB IP' | '(4500-4608)/(4610-4999)' | '中间件容灾数据' |
| '运维网络' | '站点1 三层子网' | '站点2 三层子网' | '7001' | '两地点到点通信' |
| '运维网络' | '站点2 三层子网' | '站点1 三层子网' | '7001' | '两地点到点通信' |
","安装与调试-TCF部署TECS Director-部署前准备-网络规划-虚机容灾场景:
虚机容灾场景的组网图如图1所示。
图1  组网图
网络平面配置参见表1。 安装与调试-TCF部署TECS Director-部署前准备-网络规划-虚机容灾场景-表1  网络平面配置:
网络平面:'北向网络'; IP地址个数:'1'; IP配置方法:'人工规划，系统安装时自动配置'; 描述:'客户端访问Director portal网络，以及北向上报网络'; 备注:'SLB 托管网络'","安装与调试-TCF部署TECS Director-部署前准备-网络规划-虚机容灾场景:
 安装与调试-TCF部署TECS Director-部署前准备-网络规划-虚机容灾场景-表1  网络平面配置:
网络平面:'TecsClient网络（南向网络）'; IP地址个数:'1'; IP配置方法:'人工规划，系统安装时自动配置'; 描述:'Director访问TCF网络'; 备注:'SLB 托管网络'
网络平面:'Public API网络;（南向网络）'; IP地址个数:'1'; IP配置方法:'人工规划，系统安装时自动配置'; 描述:'Director访问TCF网络'; 备注:'SLB 托管网络'","安装与调试-TCF部署TECS Director-部署前准备-网络规划-虚机容灾场景:
 安装与调试-TCF部署TECS Director-部署前准备-网络规划-虚机容灾场景-表1  网络平面配置:
网络平面:'运维网络（net-api）'; IP地址个数:'5'; IP配置方法:'手动配置3个固定IP到环境并固化到文件，1个VIP系统安装时自动配置'; 描述:'节点SSH和NTP服务网络平面'; 备注:'主机网络，3个固定IP，1个VIP;DaisySeed 需要1个;需要同对端运维网络互通'","安装与调试-TCF部署TECS Director-部署前准备-网络规划-虚机容灾场景:
 安装与调试-TCF部署TECS Director-部署前准备-网络规划-虚机容灾场景-表1  网络平面配置:
网络平面:'GR-NET'; IP地址个数:'1'; IP配置方法:'人工规划，系统安装时自动配置'; 描述:'异地容灾网络'; 备注:'需要配置同对端GR-NET互通'
网络平面:'内部网络（net-iapi）'; IP地址个数:'地址池：N+2+20（N = 节点个数）'; IP配置方法:'每个节点的net_api网络ip（规划的前N+2）； 当前版本约束需要多出2个地址，否则会部署失败。;其余20个规划PaaS内部组件VIP使用。'; 描述:'PaaS内部网络，东西向流量'; 备注:'-'","安装与调试-TCF部署TECS Director-部署前准备-网络规划-虚机容灾场景:
容灾需要配置防火墙开启，参见表2。 安装与调试-TCF部署TECS Director-部署前准备-网络规划-虚机容灾场景-表2  防火墙配置:
网络平面:'GR-NET'; 源:'站点1 SLB IP'; 目的:'站点2 SLB IP'; 开放端口:'3011,3012'; 作用:'NDR Https'
网络平面:'GR-NET'; 源:'站点2 SLB IP'; 目的:'站点1 SLB IP'; 开放端口:'3011,3012'; 作用:'NDR Https'"," 安装与调试-TCF部署TECS Director-部署前准备-网络规划-虚机容灾场景-表2  防火墙配置:
网络平面:'GR-NET'; 源:'站点2 SLB IP'; 目的:'站点1 SLB IP'; 开放端口:'cpaas 1043 / TCF  18888'; 作用:'心跳'
网络平面:'GR-NET'; 源:'站点1 SLB IP'; 目的:'站点2 SLB IP'; 开放端口:'cpaas 1043 / TCF  18888'; 作用:'心跳'"," 安装与调试-TCF部署TECS Director-部署前准备-网络规划-虚机容灾场景-表2  防火墙配置:
网络平面:'GR-NET'; 源:'站点1 SLB IP'; 目的:'站点2 SLB IP'; 开放端口:'(4500-4608)/(4610-4999)'; 作用:'中间件容灾数据'
网络平面:'GR-NET'; 源:'站点2 SLB IP'; 目的:'站点1 SLB IP'; 开放端口:'(4500-4608)/(4610-4999)'; 作用:'中间件容灾数据'","安装与调试-TCF部署TECS Director-部署前准备-网络规划-虚机容灾场景-表2  防火墙配置:
网络平面:'运维网络'; 源:'站点1 三层子网'; 目的:'站点2 三层子网'; 开放端口:'7001'; 作用:'两地点到点通信'
网络平面:'运维网络'; 源:'站点2 三层子网'; 目的:'站点1 三层子网'; 开放端口:'7001'; 作用:'两地点到点通信'"
