"性能FTP北向接口规范-参考-文件中Object Name拼接规则-虚拟资源
数据中心dc：对象本身名称
云环境vim：云环境名称|数据中心名称
可用域az：对象本身名称|云环境名称|数据中心名称
主机集群hostaggregate：对象本身名称|云环境名称|数据中心名称
主机host（包含控制节点和计算节点）：对象本身名称|云环境名称|数据中心名称
裸金属bm：对象本身名称|云环境名称|数据中心名称
主机网络hostnetwork：对象本身名称|主机名称|云环境名称|数据中心名称
主机链路hostnetworklink：对象本身名称|主机名称|云环境名称|数据中心名称
主机磁盘分区hostdiskpartition：对象本身名称|主机名称|云环境名称|数据中心名称
虚机vm：虚机名称|主机名称|云环境名称|数据中心名称
虚机网络vmnetwork：对象本身名称虚机名称|主机名称|云环境名称|数据中心名称
磁盘disk：对象本身名称虚机名称|主机名称|云环境名称|数据中心名称
性能FTP北向接口规范-参考-文件中Object Name拼接规则-硬件资源
子级对象名称在前，父级对象名称在后，“|”分隔，层层拼接。
性能FTP北向接口规范-参考-文件中Object Name拼接规则-分布式存储
分布式存储集群cephcluster
集群名称|分布式存储系统名称|云环境名称|数据中心名称
分布式存储池cephpool
存储池名称|集群名称|分布式存储系统名称|云环境名称|数据中心名称
分布式存储卷cephvolume
卷名称|存储池名称|集群名称|分布式存储系统名称|云环境名称|数据中心名称
分布式存储节点cephnode
节点名称|集群名称|分布式存储系统名称|云环境名称|数据中心名称
分布式存储端口cephport
端口名称|节点名称|集群名称|分布式存储系统名称|云环境名称|数据中心名称
分布式存储节点文件系统cephfilesystem
文件系统挂载点|节点名称|集群名称|分布式存储系统名称|云环境名称|数据中心名称
性能FTP北向接口规范-参考-文件中Object Name拼接规则-容器资源
子级对象名称在前，父级对象名称在后，“|”分隔，层层拼接。","性能FTP北向接口规范-参考-文件中Object Name拼接规则-虚拟资源:
数据中心dc：对象本身名称
云环境vim：云环境名称|数据中心名称
可用域az：对象本身名称|云环境名称|数据中心名称
主机集群hostaggregate：对象本身名称|云环境名称|数据中心名称
主机host（包含控制节点和计算节点）：对象本身名称|云环境名称|数据中心名称
裸金属bm：对象本身名称|云环境名称|数据中心名称
主机网络hostnetwork：对象本身名称|主机名称|云环境名称|数据中心名称主机链路hostnetworklink：对象本身名称|主机名称|云环境名称|数据中心名称","性能FTP北向接口规范-参考-文件中Object Name拼接规则-虚拟资源
主机磁盘分区hostdiskpartition：对象本身名称|主机名称|云环境名称|数据中心名称
虚机vm：虚机名称|主机名称|云环境名称|数据中心名称
虚机网络vmnetwork：对象本身名称虚机名称|主机名称|云环境名称|数据中心名称
磁盘disk：对象本身名称虚机名称|主机名称|云环境名称|数据中心名称

性能FTP北向接口规范-参考-文件中Object Name拼接规则-硬件资源:
子级对象名称在前，父级对象名称在后，“|”分隔，层层拼接","性能FTP北向接口规范-参考-文件中Object Name拼接规则-分布式存储:
分布式存储集群cephcluster
集群名称|分布式存储系统名称|云环境名称|数据中心名称
分布式存储池cephpool
存储池名称|集群名称|分布式存储系统名称|云环境名称|数据中心名称
分布式存储卷cephvolume
卷名称|存储池名称|集群名称|分布式存储系统名称|云环境名称|数据中心名称
分布式存储节点cephnode
节点名称|集群名称|分布式存储系统名称|云环境名称|数据中心名称分布式存储端口cephport端口名称|节点名称|集群名称|分布式存储系统名称|云环境名称|数据中心名称","性能FTP北向接口规范-参考-文件中Object Name拼接规则-分布式存储
分布式存储节点文件系统cephfilesystem
文件系统挂载点|节点名称|集群名称|分布式存储系统名称|云环境名称|数据中心名称
性能FTP北向接口规范-参考-文件中Object Name拼接规则-容器资源
子级对象名称在前，父级对象名称在后，“|”分隔，层层拼接。"
