"性能FTP北向接口规范-FTP性能北向接口规范-文件传输协议
支持使用FTP(File Transfer Protocol, 文件传输协议)和SFTP(Secure File Transfer Protocol, 安全文件传输协议)协议传输文件。
当对网络安全性要求更高时，建议使用SFTP(Secure File Transfer Protocol, 安全文件传输协议)。","性能FTP北向接口规范-FTP性能北向接口规范-文件传输协议
支持使用FTP(File Transfer Protocol, 文件传输协议)和SFTP(Secure File Transfer Protocol, 安全文件传输协议)协议传输文件。
当对网络安全性要求更高时，建议使用SFTP(Secure File Transfer Protocol, 安全文件传输协议)。"
