"性能FTP北向接口规范-FTP性能北向接口规范-文件格式
性能FTP北向接口规范-FTP性能北向接口规范-文件格式-CSV文件格式要求：
文件第一行为字段名，每个字段以英文逗号“,”分隔。支持中文和英文，指标格式支持“指标名称和ID”、“指标ID”和“指标名称”，语言和指标格式可以在性能北向FTP服务器设置中文件列名格式进行配置。
从第二行开始是性能数据，每条记录占用一行，记录中的每个数据之间使用英文逗号“,”分隔。
性能FTP北向接口规范-FTP性能北向接口规范-文件格式-性能数据的字段有Start Time，End Time，Object Name，Object Id，Env Id和计数器（一般有多个计数器）
Start Time和End Time格式为：YYYY/MM/DD hh:mm:ss，“DD”， “MM”， “YYYY”， “hh”， “mm” ，""ss"" 分别表示天，月，年，小时（24小时制），分钟和秒。
Object Name是对象名称，下级节点名称在前，上级节点名称在后，通过符号”|”分隔，各计数器类型的对象名称格式参见文件中Object Name拼接规则。
Object Id是对象标识。
Env Id是资源池标识，没有资源池属性的对象该列为空，例如VDC(Virtual Data Center, 虚拟数据中心)。
如果记录中的某字段值为空，不填写该值，直接输入下一个字段。指标值为空，填写“--”。
性能FTP北向接口规范-FTP性能北向接口规范-文件格式
### 一个例子：
| Start Time | End Time | Object Name | Object Id | Env Id | C100020001(vcpu) | C100020002(vcpu) |
|---|---|---|---|---|---|---|
| '2021/1/12 9:50' | '2021/1/12 9:55' | 'host-192-168-170-71|27|DC' | 'host-192-168-170-71_host-192-168-170-71' | 'd3187e28-08fe-41e1-8bff-e024c9d13067' | '20' | '20' |
| '2021/1/12 9:50' | '2021/1/12 9:55' | 'host-192-168-170-72|27|DC' | 'host-192-168-170-72_host-192-168-170-72' | 'd3187e28-08fe-41e1-8bff-e024c9d13067' | '0' | '0' |

性能FTP北向接口规范-FTP性能北向接口规范-文件格式-CSV文件特殊数据说明：
“N/A”表示不支持。
性能FTP北向接口规范-FTP性能北向接口规范-文件格式-CSV文件特殊数据说明：-“--”表示没有采集到数据，原因可能有：
资源池不支持该指标
指标计算过程中出现问题
生成文件过程中出现问题
“NaN”表示无穷大。
“0”表示性能数据为0。
如果北向对接需要的数据中有除0之外的其他三种，请联系运维管理员。","性能FTP北向接口规范-FTP性能北向接口规范-文件格式:
性能FTP北向接口规范-FTP性能北向接口规范-文件格式-CSV文件格式要求：
文件第一行为字段名，每个字段以英文逗号“,”分隔。支持中文和英文，指标格式支持“指标名称和ID”、“指标ID”和“指标名称”，语言和指标格式可以在性能北向FTP服务器设置中文件列名格式进行配置。
从第二行开始是性能数据，每条记录占用一行，记录中的每个数据之间使用英文逗号“,”分隔。

性能FTP北向接口规范-FTP性能北向接口规范-文件格式-性能数据的字段有Start Time，End Time，Object Name，Object Id，Env Id和计数器（一般有多个计数器）:
Start Time和End Time格式为：YYYY/MM/DD hh:mm:ss，“DD”， “MM”， “YYYY”， “hh”， “mm” ，""ss"" 分别表示天，月，年，小时（24小时制），分钟和秒","性能FTP北向接口规范-FTP性能北向接口规范-文件格式:


性能FTP北向接口规范-FTP性能北向接口规范-文件格式-性能数据的字段有Start Time，End Time，Object Name，Object Id，Env Id和计数器（一般有多个计数器）:
Object Name是对象名称，下级节点名称在前，上级节点名称在后，通过符号”|”分隔，各计数器类型的对象名称格式参见文件中Object Name拼接规则。
Object Id是对象标识。Env Id是资源池标识，没有资源池属性的对象该列为空，例如VDC(Virtual Data Center, 虚拟数据中心)","性能FTP北向接口规范-FTP性能北向接口规范-文件格式:
如果记录中的某字段值为空，不填写该值，直接输入下一个字段。指标值为空，填写“--”。 性能FTP北向接口规范-FTP性能北向接口规范-文件格式-一个例子：:
Start Time:'2021/1/12 9:50'; End Time:'2021/1/12 9:55'; Object Name:'host-192-168-170-71|27|DC'; Object Id:'host-192-168-170-71_host-192-168-170-71'; Env Id:'d3187e28-08fe-41e1-8bff-e024c9d13067'; C100020001(vcpu):'20'; C100020002(vcpu):'20'","性能FTP北向接口规范-FTP性能北向接口规范-文件格式:
 性能FTP北向接口规范-FTP性能北向接口规范-文件格式-一个例子：:
Start Time:'2021/1/12 9:50'; End Time:'2021/1/12 9:55'; Object Name:'host-192-168-170-72|27|DC'; Object Id:'host-192-168-170-72_host-192-168-170-72'; Env Id:'d3187e28-08fe-41e1-8bff-e024c9d13067'; C100020001(vcpu):'0'; C100020002(vcpu):'0'","性能FTP北向接口规范-FTP性能北向接口规范-文件格式:
性能FTP北向接口规范-FTP性能北向接口规范-文件格式-CSV文件特殊数据说明：
“N/A”表示不支持。
性能FTP北向接口规范-FTP性能北向接口规范-文件格式-CSV文件特殊数据说明：-“--”表示没有采集到数据，原因可能有：
资源池不支持该指标
指标计算过程中出现问题
生成文件过程中出现问题
“NaN”表示无穷大。
“0”表示性能数据为0。
如果北向对接需要的数据中有除0之外的其他三种，请联系运维管理员。"
