"性能FTP北向接口规范-FTP性能北向接口规范-性能文件命名规则
命名格式为：
<Data Type>[-<NE Type>-<NE Mark>]-<Query Scope>-<Object Type>-<Measurement Period>-<Starting Time>-<Ending Time>.csv
参数具体说明参见表1。
性能FTP北向接口规范-FTP性能北向接口规范-性能文件命名规则
### 表1  参数说明
| 参数 | 含义 | 备注 |
|---|---|---|
| 'Data Type' | '数据类型' | '这里为性能管理"";PM(Performance Management, 性能管理);""' |
| 'NE Type' | '网元类型' | '可在;性能北向FTP服务器设置;页面;文件命名格式;中选择是否包含这两项' |
| 'NE Mark' | '网元标识' | '可在;性能北向FTP服务器设置;页面;文件命名格式;中选择是否包含这两项' |
| 'Query Scope' | '领域' | '支持：:TECS：虚拟资源;PIM：硬件资源;CEPH：分布式存储;OPENPALLETE：容器资源;OPERATE：运营资源' |
| 'Object Type' | '计数器类型' | '取值为：:DC;HOST;HOSTNETWORK;VM;VMNETWORK;CLOUDENVIRONMENT;DISK;SWITCH;ROUTER;STORAGE' |
| 'Measurement Period' | '数据粒度' | '支持：:5分钟;15分钟' |
| 'Starting Time' | '性能数据的开始时间' | '格式为：YYYYMMDDhhmmss:“DD”：天;“MM”：月;“YYYY”：年;“hh”：小时（24制）;“mm” ：分钟;""ss""：秒' |
| 'Ending Time' | '性能数据的结束时间' | '格式为：YYYYMMDDhhmmss:“DD”：天;“MM”：月;“YYYY”：年;“hh”：小时（24制）;“mm” ：分钟;""ss""：秒' |

性能FTP北向接口规范-FTP性能北向接口规范-性能文件命名规则-举例：
文件命名格式中不包含NE Type和NE Mark：PM-TECS-VM-5-20200508101000-20200508101500.csv。
文件名中各项所代表的参数参见表2。
性能FTP北向接口规范-FTP性能北向接口规范-性能文件命名规则-举例：
### 表2  文件名各项代表参数
| 文件名项 | 代表参数 |
|---|---|
| 'PM' | 'Data Type' |
| 'TECS' | 'Query Scope' |
| 'VM' | 'Object Type' |
| '5' | 'Measurement Period' |
| '20200508101000' | 'Starting Time' |
| '20200508101500' | 'Ending Time' |

文件命名格式中包含NE Type和NE Mark：PM-DIRECTOR-10.47.181.84-TECS-VM-5-20200508102500-20200508103000.csv。
性能FTP北向接口规范-FTP性能北向接口规范-性能文件命名规则-举例：
### 表3  文件名各项代表参数
| 文件名项 | 代表参数 |
|---|---|
| 'PM' | 'Data Type' |
| 'DIRECTOR' | 'NE Type' |
| '10.47.181.84' | 'NE Mark' |
| 'TECS' | 'Query Scope' |
| 'VM' | 'Object Type' |
| '5' | 'Measurement Period' |
| '20200508101000' | 'Starting Time' |
| '20200508101500' | 'Ending Time' |
","性能FTP北向接口规范-FTP性能北向接口规范-性能文件命名规则:
命名格式为：
<Data Type>[-<NE Type>-<NE Mark>]-<Query Scope>-<Object Type>-<Measurement Period>-<Starting Time>-<Ending Time>.csv
参数具体说明参见表1。 性能FTP北向接口规范-FTP性能北向接口规范-性能文件命名规则-表1  参数说明:
参数:'Data Type'; 含义:'数据类型'; 备注:'这里为性能管理"";PM(Performance Management, 性能管理);""'"," 性能FTP北向接口规范-FTP性能北向接口规范-性能文件命名规则-表1  参数说明:
参数:'NE Type'; 含义:'网元类型'; 备注:'可在;性能北向FTP服务器设置;页面;文件命名格式;中选择是否包含这两项'
参数:'NE Mark'; 含义:'网元标识'; 备注:'可在;性能北向FTP服务器设置;页面;文件命名格式;中选择是否包含这两项'
参数:'Query Scope'; 含义:'领域'; 备注:'支持：:TECS：虚拟资源;PIM：硬件资源;CEPH：分布式存储;OPENPALLETE：容器资源;OPERATE：运营资源'"," 性能FTP北向接口规范-FTP性能北向接口规范-性能文件命名规则-表1  参数说明:
参数:'Object Type'; 含义:'计数器类型'; 备注:'取值为：:DC;HOST;HOSTNETWORK;VM;VMNETWORK;CLOUDENVIRONMENT;DISK;SWITCH;ROUTER;STORAGE'
参数:'Measurement Period'; 含义:'数据粒度'; 备注:'支持：:5分钟;15分钟'"," 性能FTP北向接口规范-FTP性能北向接口规范-性能文件命名规则-表1  参数说明:
参数:'Starting Time'; 含义:'性能数据的开始时间'; 备注:'格式为：YYYYMMDDhhmmss:“DD”：天;“MM”：月;“YYYY”：年;“hh”：小时（24制）;“mm” ：分钟;""ss""：秒'
参数:'Ending Time'; 含义:'性能数据的结束时间'; 备注:'格式为：YYYYMMDDhhmmss:“DD”：天;“MM”：月;“YYYY”：年;“hh”：小时（24制）;“mm” ：分钟;""ss""：秒'","性能FTP北向接口规范-FTP性能北向接口规范-性能文件命名规则-举例：:
文件命名格式中不包含NE Type和NE Mark：PM-TECS-VM-5-20200508101000-20200508101500.csv。
文件名中各项所代表的参数参见表2。 性能FTP北向接口规范-FTP性能北向接口规范-性能文件命名规则-举例：-表2  文件名各项代表参数:
文件名项:'PM'; 代表参数:'Data Type'
文件名项:'TECS'; 代表参数:'Query Scope'","性能FTP北向接口规范-FTP性能北向接口规范-性能文件命名规则-举例：:
性能FTP北向接口规范-FTP性能北向接口规范-性能文件命名规则-举例：-表2  文件名各项代表参数:
文件名项:'VM'; 代表参数:'Object Type'
文件名项:'5'; 代表参数:'Measurement Period'
文件名项:'20200508101000'; 代表参数:'Starting Time'
文件名项:'20200508101500'; 代表参数:'Ending Time'文件命名格式中包含NE Type和NE Mark：PM-DIRECTOR-10","性能FTP北向接口规范-FTP性能北向接口规范-性能文件命名规则-举例：:
47.181.84-TECS-VM-5-20200508102500-20200508103000.csv；。;
 性能FTP北向接口规范-FTP性能北向接口规范-性能文件命名规则-举例：-表3  文件名各项代表参数:
文件名项:'PM'; 代表参数:'Data Type'
文件名项:'DIRECTOR'; 代表参数:'NE Type'
文件名项:'10.47.181.84'; 代表参数:'NE Mark'","性能FTP北向接口规范-FTP性能北向接口规范-性能文件命名规则-举例：-表3  文件名各项代表参数:
文件名项:'TECS'; 代表参数:'Query Scope'
文件名项:'VM'; 代表参数:'Object Type'
文件名项:'5'; 代表参数:'Measurement Period'
文件名项:'20200508101000'; 代表参数:'Starting Time'
文件名项:'20200508101500'; 代表参数:'Ending Time'"
