"告警SNMP北向接口规范-SNMP北向告警接口规范-告警北向SNMP接口的功能-查看系统通讯监控版本
NMS(Network Management System, 网络管理系统)系统可以通过对告警北向SNMP(Simple Network Management Protocol, 简单网络管理协议)接口MIB(Management Information Base, 管理信息库)中定义的csIRPVersion对象（.1.3.6.1.4.1.3902.4101.4.1.1.0 ）执行get操作获取系统通讯监控版本。目前系统返回版本值为""CS IRP V2.0""。","告警SNMP北向接口规范-SNMP北向告警接口规范-告警北向SNMP接口的功能-查看系统通讯监控版本:
NMS(Network Management System, 网络管理系统)系统可以通过对告警北向SNMP(Simple Network Management Protocol, 简单网络管理协议)接口MIB(Management Information Base, 管理信息库)中定义的csIRPVersion对象（.1.3.6.1.4.1.3902.4101.4.1.1","告警SNMP北向接口规范-SNMP北向告警接口规范-告警北向SNMP接口的功能-查看系统通讯监控版本:
0 ）执行get操作获取系统通讯监控版本；。目前系统返回版本值为""CS IRP V2.0""。;
"
