"告警SNMP北向接口规范-SNMP北向告警接口规范-告警北向SNMP接口的功能-设置当前告警表格中指定告警的告警注释
NMS(Network Management System, 网络管理系统)系统可以通过对SNMP(Simple Network Management Protocol, 简单网络管理协议)接口MIB中定义的告警表格中的alarmComment属性执行set操作来修改指定告警的注释。设置约定如下：
告警SNMP(Simple Network Management Protocol, 简单网络管理协议)北向告警表格中的alarmIndex为北向模块为每个告警分派的唯一索引值。对zteMIB.alarm.alarmIRP.currentAlarmTable.currentAlarmEntry. alarmComment. <alarmIndex>执行set操作,并且set的value为<commentValue>，代表对告警索引号为<alarmIndex>的告警执行增加告警注释操作，并且新的告警注释内容为<commentValue>。
告警SNMP北向接口规范-SNMP北向告警接口规范-告警北向SNMP接口的功能-设置当前告警表格中指定告警的告警注释-说明：
文中的<alarmIndex>代表变量，其值由用户根据约定输入。","告警SNMP北向接口规范-SNMP北向告警接口规范-告警北向SNMP接口的功能-设置当前告警表格中指定告警的告警注释:
NMS(Network Management System, 网络管理系统)系统可以通过对SNMP(Simple Network Management Protocol, 简单网络管理协议)接口MIB中定义的告警表格中的alarmComment属性执行set操作来修改指定告警的注释。设置约定如下：告警SNMP(Simple Network Management Protocol, 简单网络管理协议)北向告警表格中的alarmIndex为北向模块为每个告警分派的唯一索引值","告警SNMP北向接口规范-SNMP北向告警接口规范-告警北向SNMP接口的功能-设置当前告警表格中指定告警的告警注释:
对zteMIB.alarm.alarmIRP.currentAlarmTable.currentAlarmEntry. alarmComment. <alarmIndex>执行set操作,并且set的value为<commentValue>，代表对告警索引号为<alarmIndex>的告警执行增加告警注释操作，并且新的告警注释内容为<commentValue>。;


告警SNMP北向接口规范-SNMP北向告警接口规范-告警北向SNMP接口的功能-设置当前告警表格中指定告警的告警注释-说明：:
文中的<alarmIndex>代表变量，其值由用户根据约定输入"
