"
### 告警SNMP北向接口规范-参考-告警北向SNMP接口的告警类型和TECS 云管系统告警类型的取值对照表
| 告警类型 | 解释 | TECS Director编码 | 接口编码 |
|---|---|---|---|
| 'Communications Alarm' | '与信息传输过程相关的告警类型（ITU-T建议X.733中定义）' | '0' | '1' |
| 'Processing Error Alarm' | '与软件或进程故障相关的告警类型（ITU-T建议X.733中定义）' | '1' | '2' |
| 'Environmental Alarm' | '与设备所处的环境相关的告警类型（ITU-T建议X.733中定义）' | '4' | '3' |
| 'Quality of Service Alarm' | '与服务质量降级相关的告警类型（ITU-T建议X.733中定义）' | '2' | '4' |
| 'Equipment Alarm' | '与设备故障相关的告警类型（ITU-T建议X.733中定义）' | '3' | '5' |
| 'Integrity Violation' | '非法修改、插入或删除信息的指示' | '6' | '6' |
| 'Operational Violation' | '被请求的服务因为无效、障碍或错误调用引起的不能正常运行的指示' | '7' | '7' |
| 'Physical Violation' | '物理资源遭到侵害（某种程度上为安全性攻击）的指示' | '8' | '8' |
| 'Security Violation' | '安全性服务或机制检测到的安全性攻击的指示' | '9' | '9' |
| 'Time Domain Violation' | '非预期时间或禁止时间发生某种事件的指示' | '10' | '10' |
| 'OMC ALARM' | 'TECS Director网管告警' | '5' | '11' |
"," 告警SNMP北向接口规范-参考-告警北向SNMP接口的告警类型和TECS 云管系统告警类型的取值对照表:
告警类型:'Communications Alarm'; 解释:'与信息传输过程相关的告警类型（ITU-T建议X.733中定义）'; TECS Director编码:'0'; 接口编码:'1'
告警类型:'Processing Error Alarm'; 解释:'与软件或进程故障相关的告警类型（ITU-T建议X.733中定义）'; TECS Director编码:'1'; 接口编码:'2'"," 告警SNMP北向接口规范-参考-告警北向SNMP接口的告警类型和TECS 云管系统告警类型的取值对照表:
告警类型:'Environmental Alarm'; 解释:'与设备所处的环境相关的告警类型（ITU-T建议X.733中定义）'; TECS Director编码:'4'; 接口编码:'3'
告警类型:'Quality of Service Alarm'; 解释:'与服务质量降级相关的告警类型（ITU-T建议X.733中定义）'; TECS Director编码:'2'; 接口编码:'4'"," 告警SNMP北向接口规范-参考-告警北向SNMP接口的告警类型和TECS 云管系统告警类型的取值对照表:
告警类型:'Equipment Alarm'; 解释:'与设备故障相关的告警类型（ITU-T建议X.733中定义）'; TECS Director编码:'3'; 接口编码:'5'
告警类型:'Integrity Violation'; 解释:'非法修改、插入或删除信息的指示'; TECS Director编码:'6'; 接口编码:'6'"," 告警SNMP北向接口规范-参考-告警北向SNMP接口的告警类型和TECS 云管系统告警类型的取值对照表:
告警类型:'Operational Violation'; 解释:'被请求的服务因为无效、障碍或错误调用引起的不能正常运行的指示'; TECS Director编码:'7'; 接口编码:'7'
告警类型:'Physical Violation'; 解释:'物理资源遭到侵害（某种程度上为安全性攻击）的指示'; TECS Director编码:'8'; 接口编码:'8'"," 告警SNMP北向接口规范-参考-告警北向SNMP接口的告警类型和TECS 云管系统告警类型的取值对照表:
告警类型:'Security Violation'; 解释:'安全性服务或机制检测到的安全性攻击的指示'; TECS Director编码:'9'; 接口编码:'9'
告警类型:'Time Domain Violation'; 解释:'非预期时间或禁止时间发生某种事件的指示'; TECS Director编码:'10'; 接口编码:'10'","告警SNMP北向接口规范-参考-告警北向SNMP接口的告警类型和TECS 云管系统告警类型的取值对照表:
告警类型:'OMC ALARM'; 解释:'TECS Director网管告警'; TECS Director编码:'5'; 接口编码:'11'"
