"告警SNMP北向接口规范-范围
TECS Director网管北向SNMP(Simple Network Management Protocol, 简单网络管理协议)接口规范包括：公共接口规范、告警管理接口规范。
本规范规定了中兴通讯TECS Director对上级NMS(Network Management System, 网络管理系统)提供的标准北向SNMP(Simple Network Management Protocol, 简单网络管理协议)接口的技术规范。
本规范适用于中兴通讯TECS Director与上级NMS(Network Management System, 网络管理系统)系统对接的规划和设计。","告警SNMP北向接口规范-范围:
TECS Director网管北向SNMP(Simple Network Management Protocol, 简单网络管理协议)接口规范包括：公共接口规范、告警管理接口规范。
本规范规定了中兴通讯TECS Director对上级NMS(Network Management System, 网络管理系统)提供的标准北向SNMP(Simple Network Management Protocol, 简单网络管理协议)接口的技术规范。本规范适用于中兴通讯TECS Director与上级NMS(Network Management System, 网络管理系统)系统对接的规划和设计"
