"告警SNMP北向接口规范-SNMP北向告警接口规范-告警北向SNMP接口的功能-基于网元位置的告警同步:
当NMS(Network Management System, 网络管理系统)需要和TECS Director进行全网告警同步，可以通过当前告警表格查询来获取所有TECS Director当前告警来完成。如果NMS只需要进行局部告警同步，比如只针对某一组网元位置的告警进行同步，则可以利用""基于网元位置的告警同步""功能来达成目标。具体操作是由NMS(Network Management System, 网络管理系统)模块向SNMP(Simple Network Management Protocol, 简单网络管理协议)北向接口MIB(Management Information Base, 管理信息库)中定义中的syncAlarm节点执行set操作以传入本次需要同步的位置信息， 然后SNMP模块会查询TECS Director上该位置的所有告警，并封装成多条告警同步Trap，上报到NMS(Network Management System, 网络管理系统)。

告警SNMP北向接口规范-SNMP北向告警接口规范-告警北向SNMP接口的功能-基于网元位置的告警同步-触发网元位置同步的set操作:
NMS需要向mib定义中的syncAlarm（.1.3.6.1.4.1.3902.4101.1.7.1.0）结点发出set动作以触发满足条件告警的TRAP同步上报.Set操作条件目前支持：发生开始时间条件，发生结束时间条件，网元条件。多个网元之间的关系是“或”的关系，网元条件和上报时间的条件是""与""的关系。
例如：beginraisetime:2017-07-04 15:30:00;endraisetime:2017-07-05 15:30:00;position:me,me2;
告警SNMP北向接口规范-SNMP北向告警接口规范-告警北向SNMP接口的功能-基于网元位置的告警同步-触发网元位置同步的set操作-说明：
注意：网元条件必须在发生时间条件之后。","告警SNMP北向接口规范-SNMP北向告警接口规范-告警北向SNMP接口的功能-基于网元位置的告警同步:
当NMS(Network Management System, 网络管理系统)需要和TECS Director进行全网告警同步，可以通过当前告警表格查询来获取所有TECS Director当前告警来完成。如果NMS只需要进行局部告警同步，比如只针对某一组网元位置的告警进行同步，则可以利用""基于网元位置的告警同步""功能来达成目标","告警SNMP北向接口规范-SNMP北向告警接口规范-告警北向SNMP接口的功能-基于网元位置的告警同步:
具体操作是由NMS(Network Management System, 网络管理系统)模块向SNMP(Simple Network Management Protocol, 简单网络管理协议)北向接口MIB(Management Information Base, 管理信息库)中定义中的syncAlarm节点执行set操作以传入本次需要同步的位置信息， 然后SNMP模块会查询TECS Director上该位置的所有告警，并封装成多条告警同步Trap，上报到NMS(Network Management System, 网络管理系统)","告警SNMP北向接口规范-SNMP北向告警接口规范-告警北向SNMP接口的功能-基于网元位置的告警同步-触发网元位置同步的set操作:
NMS需要向mib定义中的syncAlarm（.1.3.6.1.4.1.3902.4101.1.7.1.0）结点发出set动作以触发满足条件告警的TRAP同步上报.Set操作条件目前支持：发生开始时间条件，发生结束时间条件，网元条件。多个网元之间的关系是“或”的关系，网元条件和上报时间的条件是""与""的关系。例如：beginraisetime:2017-07-04 15:30:00","告警SNMP北向接口规范-SNMP北向告警接口规范-告警北向SNMP接口的功能-基于网元位置的告警同步-触发网元位置同步的set操作:
endraisetime:2017-07-05 15:30:00;position:me,me2;

告警SNMP北向接口规范-SNMP北向告警接口规范-告警北向SNMP接口的功能-基于网元位置的告警同步-触发网元位置同步的set操作-说明：
注意：网元条件必须在发生时间条件之后。"
"告警SNMP北向接口规范-SNMP北向告警接口规范-告警北向SNMP接口的功能-基于网元位置的告警同步-触发网元位置同步的set操作-网元同步条件例子说明如下：
网元条件说明如下：
告警SNMP北向接口规范-SNMP北向告警接口规范-告警北向SNMP接口的功能-基于网元位置的告警同步-触发网元位置同步的set操作-网元同步条件例子说明如下：-网元位置同步set动作的参数格式形如：“position:pos1,pos2;”
参数以 “position:”开头，“;”结尾。
参数中“pos1”、“pos2” 、……“posN”代表ME ID。
参数中多个网元ID之间以“,”分割。
位置查询不支持分组查询。
协议栈的最大限制是64K，一般网元的最大长度为200个字节，所以position最多可以配置64*1024/200=327个。
发生开始时间条件说明如下：
告警SNMP北向接口规范-SNMP北向告警接口规范-告警北向SNMP接口的功能-基于网元位置的告警同步-触发网元位置同步的set操作-网元同步条件例子说明如下：-发生开始时间同步set动作的参数格式形如：“beginraisetime:2013-10-25 15:30:00;”
参数以 “beginraisetime:”开头，“;”结尾。
参数中只能设置一个时间值，当告警的发生时间大于或等于设置的时间值，则满足条件。
发生结束时间条件说明如下：
告警SNMP北向接口规范-SNMP北向告警接口规范-告警北向SNMP接口的功能-基于网元位置的告警同步-触发网元位置同步的set操作-网元同步条件例子说明如下：-发生结束时间同步set动作的参数格式形如：“endraisetime:2013-10-25 15:30:00;”
参数以 “endraisetime:”开头，“;”结尾。
参数中只能设置一个时间值，当告警的发生时间小于或等于设置的时间值，则满足条件。
同步set操作后返回值如下：
告警SNMP北向接口规范-SNMP北向告警接口规范-告警北向SNMP接口的功能-基于网元位置的告警同步-触发网元位置同步的set操作-网元同步条件例子说明如下：
### 表1  网元位置同步操作返回值
| 返回值 | 返回类型 | 解释 |
|---|---|---|
| '0' | 'INTEGER' | '设置成功' |
| '1' | 'INTEGER' | '服务器忙，稍后重试' |
| '2' | 'INTEGER' | '服务端处理上一个请求信息' |
| '3' | 'INTEGER' | '输入条件参数格式错误。' |
| '4' | 'INTEGER' | '可进行同步操作' |
| '5' | 'INTEGER' | 'Trap上报关闭' |

对syncAlarm节点Set操作成功后，系统指定位置上所有当前告警将被封装为告警同步Trap，并发往NMS。为保持消息一致性，在同步Trap发送期间，所有正常上报的告警消息应暂停发送，直到同步Trap发送完毕后才恢复正常。对Set操作的返回值不进行处理，若要处理需要做数据类型转换和异常捕获。","告警SNMP北向接口规范-SNMP北向告警接口规范-告警北向SNMP接口的功能-基于网元位置的告警同步-触发网元位置同步的set操作-网元同步条件例子说明如下：:
网元条件说明如下：

告警SNMP北向接口规范-SNMP北向告警接口规范-告警北向SNMP接口的功能-基于网元位置的告警同步-触发网元位置同步的set操作-网元同步条件例子说明如下：-网元位置同步set动作的参数格式形如：“position:pos1,pos2;”:
参数以 “position:”开头，“;”结尾。参数中“pos1”、“pos2” 、……“posN”代表ME ID","告警SNMP北向接口规范-SNMP北向告警接口规范-告警北向SNMP接口的功能-基于网元位置的告警同步-触发网元位置同步的set操作-网元同步条件例子说明如下：:


告警SNMP北向接口规范-SNMP北向告警接口规范-告警北向SNMP接口的功能-基于网元位置的告警同步-触发网元位置同步的set操作-网元同步条件例子说明如下：-网元位置同步set动作的参数格式形如：“position:pos1,pos2;”:
参数中多个网元ID之间以“,”分割。
位置查询不支持分组查询。协议栈的最大限制是64K，一般网元的最大长度为200个字节，所以position最多可以配置64*1024/200=327个","告警SNMP北向接口规范-SNMP北向告警接口规范-告警北向SNMP接口的功能-基于网元位置的告警同步-触发网元位置同步的set操作-网元同步条件例子说明如下：:
发生开始时间条件说明如下：

告警SNMP北向接口规范-SNMP北向告警接口规范-告警北向SNMP接口的功能-基于网元位置的告警同步-触发网元位置同步的set操作-网元同步条件例子说明如下：-发生开始时间同步set动作的参数格式形如：“beginraisetime:2013-10-25 15:30:00;”:
参数以 “beginraisetime:”开头，“","告警SNMP北向接口规范-SNMP北向告警接口规范-告警北向SNMP接口的功能-基于网元位置的告警同步-触发网元位置同步的set操作-网元同步条件例子说明如下：:


告警SNMP北向接口规范-SNMP北向告警接口规范-告警北向SNMP接口的功能-基于网元位置的告警同步-触发网元位置同步的set操作-网元同步条件例子说明如下：-发生开始时间同步set动作的参数格式形如：“beginraisetime:2013-10-25 15:30:00;”:
”结尾。
参数中只能设置一个时间值，当告警的发生时间大于或等于设置的时间值，则满足条件","告警SNMP北向接口规范-SNMP北向告警接口规范-告警北向SNMP接口的功能-基于网元位置的告警同步-触发网元位置同步的set操作-网元同步条件例子说明如下：:
发生结束时间条件说明如下：

告警SNMP北向接口规范-SNMP北向告警接口规范-告警北向SNMP接口的功能-基于网元位置的告警同步-触发网元位置同步的set操作-网元同步条件例子说明如下：-发生结束时间同步set动作的参数格式形如：“endraisetime:2013-10-25 15:30:00;”:
参数以 “endraisetime:”开头，“","告警SNMP北向接口规范-SNMP北向告警接口规范-告警北向SNMP接口的功能-基于网元位置的告警同步-触发网元位置同步的set操作-网元同步条件例子说明如下：:


告警SNMP北向接口规范-SNMP北向告警接口规范-告警北向SNMP接口的功能-基于网元位置的告警同步-触发网元位置同步的set操作-网元同步条件例子说明如下：-发生结束时间同步set动作的参数格式形如：“endraisetime:2013-10-25 15:30:00;”:
”结尾。
参数中只能设置一个时间值，当告警的发生时间小于或等于设置的时间值，则满足条件","告警SNMP北向接口规范-SNMP北向告警接口规范-告警北向SNMP接口的功能-基于网元位置的告警同步-触发网元位置同步的set操作-网元同步条件例子说明如下：:
同步set操作后返回值如下： 告警SNMP北向接口规范-SNMP北向告警接口规范-告警北向SNMP接口的功能-基于网元位置的告警同步-触发网元位置同步的set操作-网元同步条件例子说明如下：-表1  网元位置同步操作返回值:
返回值:'0'; 返回类型:'INTEGER'; 解释:'设置成功'","告警SNMP北向接口规范-SNMP北向告警接口规范-告警北向SNMP接口的功能-基于网元位置的告警同步-触发网元位置同步的set操作-网元同步条件例子说明如下：:
 告警SNMP北向接口规范-SNMP北向告警接口规范-告警北向SNMP接口的功能-基于网元位置的告警同步-触发网元位置同步的set操作-网元同步条件例子说明如下：-表1  网元位置同步操作返回值:
返回值:'1'; 返回类型:'INTEGER'; 解释:'服务器忙，稍后重试'","告警SNMP北向接口规范-SNMP北向告警接口规范-告警北向SNMP接口的功能-基于网元位置的告警同步-触发网元位置同步的set操作-网元同步条件例子说明如下：:
 告警SNMP北向接口规范-SNMP北向告警接口规范-告警北向SNMP接口的功能-基于网元位置的告警同步-触发网元位置同步的set操作-网元同步条件例子说明如下：-表1  网元位置同步操作返回值:
返回值:'2'; 返回类型:'INTEGER'; 解释:'服务端处理上一个请求信息'","告警SNMP北向接口规范-SNMP北向告警接口规范-告警北向SNMP接口的功能-基于网元位置的告警同步-触发网元位置同步的set操作-网元同步条件例子说明如下：:
 告警SNMP北向接口规范-SNMP北向告警接口规范-告警北向SNMP接口的功能-基于网元位置的告警同步-触发网元位置同步的set操作-网元同步条件例子说明如下：-表1  网元位置同步操作返回值:
返回值:'3'; 返回类型:'INTEGER'; 解释:'输入条件参数格式错误。'","告警SNMP北向接口规范-SNMP北向告警接口规范-告警北向SNMP接口的功能-基于网元位置的告警同步-触发网元位置同步的set操作-网元同步条件例子说明如下：:
告警SNMP北向接口规范-SNMP北向告警接口规范-告警北向SNMP接口的功能-基于网元位置的告警同步-触发网元位置同步的set操作-网元同步条件例子说明如下：-表1  网元位置同步操作返回值:
返回值:'4'; 返回类型:'INTEGER'; 解释:'可进行同步操作'
返回值:'5'; 返回类型:'INTEGER'; 解释:'Trap上报关闭'","告警SNMP北向接口规范-SNMP北向告警接口规范-告警北向SNMP接口的功能-基于网元位置的告警同步-触发网元位置同步的set操作-网元同步条件例子说明如下：:
对syncAlarm节点Set操作成功后，系统指定位置上所有当前告警将被封装为告警同步Trap，并发往NMS。为保持消息一致性，在同步Trap发送期间，所有正常上报的告警消息应暂停发送，直到同步Trap发送完毕后才恢复正常。对Set操作的返回值不进行处理，若要处理需要做数据类型转换和异常捕获。"
"告警SNMP北向接口规范-SNMP北向告警接口规范-告警北向SNMP接口的功能-基于网元位置的告警同步-告警同步Trap:
系统可以使用SNMP接口MIB中定义的alarmSync标识（.1.3.6.1.4.1.3902.4101.1.4.1.6）将未被Trap过滤条件过滤掉的告警同步数据Trap往北向网管。Trap消息中的告警属性值更详细说明请参阅当前告警表格查询一节的内容。系统实际上报Trap信息中的字段顺序以文档表格中的顺序为准。告警SNMP北向接口规范-SNMP北向告警接口规范-告警北向SNMP接口的功能-基于网元位置的告警同步-告警同步Trap
### 表2  告警同步Trap
| 序号 | 参数项名称 | 说明 | 参数值类型 | 值定义（OID） | 备注 |
|---|---|---|---|---|---|
| '1' | '-' | '时间戳' | 'TimeTicks' | '.1.3.6.1.2.1.1.3.0' | '-' |
| '2' | '-' | '消息类型' | 'Object' | '.1.3.6.1.6.3.1.1.4.1.0' | '取值：;.1.3.6.1.4.1.3902.4101.1.4.1.6' |
| '3' | 'alarmEventTime' | '告警发生时间' | 'DateAndTime类型' | '.1.3.6.1.4.1.3902.4101.1.3.1.3' | '-' |
| '4' | 'sendNotificationId' | '本次发送序列号' | 'Integer' | '.1.3.6.1.4.1.3902.4101.1.1.2' | '-' |
| '5' | 'lastSendNotificationId' | '上次发送序列号' | 'Integer' | '.1.3.6.1.4.1.3902.4101.1.1.4' | '-' |
| '6' | 'systemDN' | '系统DN' | 'STRING：0~255个字符' | '.1.3.6.1.4.1.3902.4101.1.1.3' | '-' |
| '7' | 'alarmCode' | '告警码，即厂商告警码。' | 'STRING：0~50个字符' | '.1.3.6.1.4.1.3902.4101.1.3.1.11' | '-' |
| '8' | 'alarmManagedObjectInstance' | '网元位置' | 'STRING：0~255个字符' | '.1.3.6.1.4.1.3902.4101.1.3.1.2' | '-' |
| '9' | 'alarmEventType' | '告警类型' | 'Integer' | '.1.3.6.1.4.1.3902.4101.1.3.1.4' | '-' |
| '10' | 'alarmProbableCause' | '告警码中的北向原因码，即标准告警码。' | 'Integer' | '.1.3.6.1.4.1.3902.4101.1.3.1.5' | '-' |
| '11' | 'alarmPerceivedSeverity' | '告警级别' | 'Integer' | '.1.3.6.1.4.1.3902.4101.1.3.1.6' | '详细说明参见告警北向SNMP接口的告警级别和TECS 云管系统告警级别取值对照表' |
| '12' | 'alarmSpecificProblem' | '告警原因' | 'STRING：0~255个字符;有越界风险，修改mib文件中长度限制为1000，V1.20.10.06P01实现并在版本说明书中说明' | '.1.3.6.1.4.1.3902.4101.1.3.1.7' | '-' |
| '13' | 'alarmAdditionalText' | '告警附加文本' | 'STRING：0~1000个字符;有越界风险，修改mib文件中长度限制为2000，V1.20.10.06P01实现并在版本说明书中说明' | '.1.3.6.1.4.1.3902.4101.1.3.1.8' | '-' |
| '14' | 'alarmNetype' | '网元类型' | 'STRING：0~50个字符' | '.1.3.6.1.4.1.3902.4101.1.3.1.12' | '-' |
| '15' | 'alarmIndex' | '索引' | 'Integer32' | '.1.3.6.1.4.1.3902.4101.1.3.1.9' | '-' |
| '16' | 'alarmId' | '告警唯一标识' | 'STRING：0~50个字符;有越界风险，修改mib文件中长度限制为500，V1.20.10.06P01实现并在版本说明书中说明' | '.1.3.6.1.4.1.3902.4101.1.3.1.1' | '-' |
| '17' | 'alarmCodeName' | '告警码名称' | 'STRING：0~50个字符;有越界风险，目前mib文件中长度限制为255，南向上报未限制，应保持一致' | '.1.3.6.1.4.1.3902.4101.1.3.1.14' | '-' |
| '18' | 'alarmManagedObjectInstanceName' | '告警位置名称（网元或网元内定位的名称）' | 'STRING：0~255个字符;有越界风险，修改mib文件中单语言长度限制为1000，V1.20.10.06P01实现并在版本说明书中说明' | '.1.3.6.1.4.1.3902.4101.1.3.1.15' | '当位置属性只包括网元时，取值为网元名称；当位置属性包括网元和部件时，取值为""网元名称,部件名称""。' |
| '19' | 'alarmSystemType' | '资源类型' | 'STRING：0~200个字符;存在告警码系统类型systemtype->restype的兼容转换，修改mib文件中长度限制为255，V1.20.10.06P01实现并在版本说明书中说明' | '.1.3.6.1.4.1.3902.4101.1.3.1.16' | '-' |
| '20' | 'alarmNeIP' | '网元IP' | 'STRING：0~60个字符' | '.1.3.6.1.4.1.3902.4101.1.3.1.17' | '-' |
| '21' | 'alarmAck' | '告警确认状态' | 'Integer' | '.1.3.6.1.4.1.3902.4101.1.3.1.18' | '1表示确认，2表示未确认。' |
| '22' | 'cleiCode' | '网元设备资产号（TECS Director上用自定义属性实现，默认不显示，应用方可根据需要经二次开发后显示）' | '为了兼容而保留，值始终为空' | '.1.3.6.1.4.1.3902.4101.1.3.1.19' | '-' |
| '23' | 'timeZoneID' | '告警上报时间时区ID' | 'STRING：0~50个字符' | '.1.3.6.1.4.1.3902.4101.1.3.1.20' | '-' |
| '24' | 'timeZoneOffset' | '上报时区偏移量（TimeZoneOffset ）' | '默认值为0;支持通过上报的时区偏移量和夏令时偏移量计算时间偏移' | '.1.3.6.1.4.1.3902.4101.1.3.1.21' | '-' |
| '25' | 'dSTSaving' | '告警上报时间夏令时偏移量（DSTSaving）' | '默认值为0;支持通过上报的时区偏移量和夏令时偏移量计算时间偏移' | '.1.3.6.1.4.1.3902.4101.1.3.1.22' | '-' |
| '26' | 'aid' | '告警AID' | 'STRING：0~50个字符;有越界风险，修改mib文件中长度限制为510，V1.20.10.06P01实现并在版本说明书中说明' | '.1.3.6.1.4.1.3902.4101.1.3.1.23' | '-' |
| '27' | 'id' | '告警ID' | 'STRING：0~50个字符' | '.1.3.6.1.4.1.3902.4101.1.3.1.24' | '-' |
| '28' | 'alarmMocObjectInstance' | '网元名称' | 'DisplayString （SIZE(0..255)）;有越界风险，修改mib文件中长度限制为300，V1.20.10.06P01实现并在版本说明书中说明' | '.1.3.6.1.4.1.3902.4101.1.3.1.26' | '-' |
| '29' | 'alarmComment' | '告警注释' | 'STRING：0~255个字符' | '.1.3.6.1.4.1.3902.4101.1.3.1.10' | '-' |
| '30' | 'alarmOtherInfo' | '告警自定义属性' | 'DisplayString （SIZE(0..255)）' | '.1.3.6.1.4.1.3902.4101.1.3.1.25' | '-' |
","告警SNMP北向接口规范-SNMP北向告警接口规范-告警北向SNMP接口的功能-基于网元位置的告警同步-告警同步Trap:
系统可以使用SNMP接口MIB中定义的alarmSync标识（.1.3.6.1.4.1.3902.4101.1.4.1.6）将未被Trap过滤条件过滤掉的告警同步数据Trap往北向网管。Trap消息中的告警属性值更详细说明请参阅当前告警表格查询一节的内容。系统实际上报Trap信息中的字段顺序以文档表格中的顺序为准。"," 告警SNMP北向接口规范-SNMP北向告警接口规范-告警北向SNMP接口的功能-基于网元位置的告警同步-告警同步Trap-表2  告警同步Trap:
序号:'1'; 参数项名称:'-'; 说明:'时间戳'; 参数值类型:'TimeTicks'; 值定义（OID）:'.1.3.6.1.2.1.1.3.0'; 备注:'-'
序号:'2'; 参数项名称:'-'; 说明:'消息类型'; 参数值类型:'Object'; 值定义（OID）:'.1.3.6.1.6.3.1.1.4.1.0'; 备注:'取值：;.1.3.6.1.4.1.3902.4101.1.4.1.6'"," 告警SNMP北向接口规范-SNMP北向告警接口规范-告警北向SNMP接口的功能-基于网元位置的告警同步-告警同步Trap-表2  告警同步Trap:
序号:'3'; 参数项名称:'alarmEventTime'; 说明:'告警发生时间'; 参数值类型:'DateAndTime类型'; 值定义（OID）:'.1.3.6.1.4.1.3902.4101.1.3.1.3'; 备注:'-'
序号:'4'; 参数项名称:'sendNotificationId'; 说明:'本次发送序列号'; 参数值类型:'Integer'; 值定义（OID）:'.1.3.6.1.4.1.3902.4101.1.1.2'; 备注:'-'"," 告警SNMP北向接口规范-SNMP北向告警接口规范-告警北向SNMP接口的功能-基于网元位置的告警同步-告警同步Trap-表2  告警同步Trap:
序号:'5'; 参数项名称:'lastSendNotificationId'; 说明:'上次发送序列号'; 参数值类型:'Integer'; 值定义（OID）:'.1.3.6.1.4.1.3902.4101.1.1.4'; 备注:'-'
序号:'6'; 参数项名称:'systemDN'; 说明:'系统DN'; 参数值类型:'STRING：0~255个字符'; 值定义（OID）:'.1.3.6.1.4.1.3902.4101.1.1.3'; 备注:'-'"," 告警SNMP北向接口规范-SNMP北向告警接口规范-告警北向SNMP接口的功能-基于网元位置的告警同步-告警同步Trap-表2  告警同步Trap:
序号:'7'; 参数项名称:'alarmCode'; 说明:'告警码，即厂商告警码。'; 参数值类型:'STRING：0~50个字符'; 值定义（OID）:'.1.3.6.1.4.1.3902.4101.1.3.1.11'; 备注:'-'
序号:'8'; 参数项名称:'alarmManagedObjectInstance'; 说明:'网元位置'; 参数值类型:'STRING：0~255个字符'; 值定义（OID）:'.1.3.6.1.4.1.3902.4101.1.3.1.2'; 备注:'-'"," 告警SNMP北向接口规范-SNMP北向告警接口规范-告警北向SNMP接口的功能-基于网元位置的告警同步-告警同步Trap-表2  告警同步Trap:
序号:'9'; 参数项名称:'alarmEventType'; 说明:'告警类型'; 参数值类型:'Integer'; 值定义（OID）:'.1.3.6.1.4.1.3902.4101.1.3.1.4'; 备注:'-'
序号:'10'; 参数项名称:'alarmProbableCause'; 说明:'告警码中的北向原因码，即标准告警码。'; 参数值类型:'Integer'; 值定义（OID）:'.1.3.6.1.4.1.3902.4101.1.3.1.5'; 备注:'-'"," 告警SNMP北向接口规范-SNMP北向告警接口规范-告警北向SNMP接口的功能-基于网元位置的告警同步-告警同步Trap-表2  告警同步Trap:
序号:'11'; 参数项名称:'alarmPerceivedSeverity'; 说明:'告警级别'; 参数值类型:'Integer'; 值定义（OID）:'.1.3.6.1.4.1.3902.4101.1.3.1.6'; 备注:'详细说明参见告警北向SNMP接口的告警级别和TECS 云管系统告警级别取值对照表'"," 告警SNMP北向接口规范-SNMP北向告警接口规范-告警北向SNMP接口的功能-基于网元位置的告警同步-告警同步Trap-表2  告警同步Trap:
序号:'12'; 参数项名称:'alarmSpecificProblem'; 说明:'告警原因'; 参数值类型:'STRING：0~255个字符;有越界风险，修改mib文件中长度限制为1000，V1.20.10.06P01实现并在版本说明书中说明'; 值定义（OID）:'.1.3.6.1.4.1.3902.4101.1.3.1.7'; 备注:'-'"," 告警SNMP北向接口规范-SNMP北向告警接口规范-告警北向SNMP接口的功能-基于网元位置的告警同步-告警同步Trap-表2  告警同步Trap:
序号:'13'; 参数项名称:'alarmAdditionalText'; 说明:'告警附加文本'; 参数值类型:'STRING：0~1000个字符;有越界风险，修改mib文件中长度限制为2000，V1.20.10.06P01实现并在版本说明书中说明'; 值定义（OID）:'.1.3.6.1.4.1.3902.4101.1.3.1.8'; 备注:'-'"," 告警SNMP北向接口规范-SNMP北向告警接口规范-告警北向SNMP接口的功能-基于网元位置的告警同步-告警同步Trap-表2  告警同步Trap:
序号:'14'; 参数项名称:'alarmNetype'; 说明:'网元类型'; 参数值类型:'STRING：0~50个字符'; 值定义（OID）:'.1.3.6.1.4.1.3902.4101.1.3.1.12'; 备注:'-'
序号:'15'; 参数项名称:'alarmIndex'; 说明:'索引'; 参数值类型:'Integer32'; 值定义（OID）:'.1.3.6.1.4.1.3902.4101.1.3.1.9'; 备注:'-'"," 告警SNMP北向接口规范-SNMP北向告警接口规范-告警北向SNMP接口的功能-基于网元位置的告警同步-告警同步Trap-表2  告警同步Trap:
序号:'16'; 参数项名称:'alarmId'; 说明:'告警唯一标识'; 参数值类型:'STRING：0~50个字符;有越界风险，修改mib文件中长度限制为500，V1.20.10.06P01实现并在版本说明书中说明'; 值定义（OID）:'.1.3.6.1.4.1.3902.4101.1.3.1.1'; 备注:'-'"," 告警SNMP北向接口规范-SNMP北向告警接口规范-告警北向SNMP接口的功能-基于网元位置的告警同步-告警同步Trap-表2  告警同步Trap:
序号:'17'; 参数项名称:'alarmCodeName'; 说明:'告警码名称'; 参数值类型:'STRING：0~50个字符;有越界风险，目前mib文件中长度限制为255，南向上报未限制，应保持一致'; 值定义（OID）:'.1.3.6.1.4.1.3902.4101.1.3.1.14'; 备注:'-'"," 告警SNMP北向接口规范-SNMP北向告警接口规范-告警北向SNMP接口的功能-基于网元位置的告警同步-告警同步Trap-表2  告警同步Trap:
序号:'18'; 参数项名称:'alarmManagedObjectInstanceName'; 说明:'告警位置名称（网元或网元内定位的名称）'; 参数值类型:'STRING：0~255个字符;有越界风险，修改mib文件中单语言长度限制为1000，V1.20.10.06P01实现并在版本说明书中说明'; 值定义（OID）:'.1.3.6.1.4.1.3902.4101.1.3.1.15'; 备注:'当位置属性只包括网元时，取值为网元名称；当位置属性包括网元和部件时，取值为""网元名称,部件名称""。'"," 告警SNMP北向接口规范-SNMP北向告警接口规范-告警北向SNMP接口的功能-基于网元位置的告警同步-告警同步Trap-表2  告警同步Trap:
序号:'19'; 参数项名称:'alarmSystemType'; 说明:'资源类型'; 参数值类型:'STRING：0~200个字符;存在告警码系统类型systemtype->restype的兼容转换，修改mib文件中长度限制为255，V1.20.10.06P01实现并在版本说明书中说明'; 值定义（OID）:'.1.3.6.1.4.1.3902.4101.1.3.1.16'; 备注:'-'"," 告警SNMP北向接口规范-SNMP北向告警接口规范-告警北向SNMP接口的功能-基于网元位置的告警同步-告警同步Trap-表2  告警同步Trap:
序号:'20'; 参数项名称:'alarmNeIP'; 说明:'网元IP'; 参数值类型:'STRING：0~60个字符'; 值定义（OID）:'.1.3.6.1.4.1.3902.4101.1.3.1.17'; 备注:'-'
序号:'21'; 参数项名称:'alarmAck'; 说明:'告警确认状态'; 参数值类型:'Integer'; 值定义（OID）:'.1.3.6.1.4.1.3902.4101.1.3.1.18'; 备注:'1表示确认，2表示未确认。'"," 告警SNMP北向接口规范-SNMP北向告警接口规范-告警北向SNMP接口的功能-基于网元位置的告警同步-告警同步Trap-表2  告警同步Trap:
序号:'22'; 参数项名称:'cleiCode'; 说明:'网元设备资产号（TECS Director上用自定义属性实现，默认不显示，应用方可根据需要经二次开发后显示）'; 参数值类型:'为了兼容而保留，值始终为空'; 值定义（OID）:'.1.3.6.1.4.1.3902.4101.1.3.1.19'; 备注:'-'"," 告警SNMP北向接口规范-SNMP北向告警接口规范-告警北向SNMP接口的功能-基于网元位置的告警同步-告警同步Trap-表2  告警同步Trap:
序号:'23'; 参数项名称:'timeZoneID'; 说明:'告警上报时间时区ID'; 参数值类型:'STRING：0~50个字符'; 值定义（OID）:'.1.3.6.1.4.1.3902.4101.1.3.1.20'; 备注:'-'
序号:'24'; 参数项名称:'timeZoneOffset'; 说明:'上报时区偏移量（TimeZoneOffset ）'; 参数值类型:'默认值为0;支持通过上报的时区偏移量和夏令时偏移量计算时间偏移'; 值定义（OID）:'.1.3.6.1.4.1.3902.4101.1.3.1.21'; 备注:'-'"," 告警SNMP北向接口规范-SNMP北向告警接口规范-告警北向SNMP接口的功能-基于网元位置的告警同步-告警同步Trap-表2  告警同步Trap:
序号:'25'; 参数项名称:'dSTSaving'; 说明:'告警上报时间夏令时偏移量（DSTSaving）'; 参数值类型:'默认值为0;支持通过上报的时区偏移量和夏令时偏移量计算时间偏移'; 值定义（OID）:'.1.3.6.1.4.1.3902.4101.1.3.1.22'; 备注:'-'"," 告警SNMP北向接口规范-SNMP北向告警接口规范-告警北向SNMP接口的功能-基于网元位置的告警同步-告警同步Trap-表2  告警同步Trap:
序号:'26'; 参数项名称:'aid'; 说明:'告警AID'; 参数值类型:'STRING：0~50个字符;有越界风险，修改mib文件中长度限制为510，V1.20.10.06P01实现并在版本说明书中说明'; 值定义（OID）:'.1.3.6.1.4.1.3902.4101.1.3.1.23'; 备注:'-'"," 告警SNMP北向接口规范-SNMP北向告警接口规范-告警北向SNMP接口的功能-基于网元位置的告警同步-告警同步Trap-表2  告警同步Trap:
序号:'27'; 参数项名称:'id'; 说明:'告警ID'; 参数值类型:'STRING：0~50个字符'; 值定义（OID）:'.1.3.6.1.4.1.3902.4101.1.3.1.24'; 备注:'-'
序号:'28'; 参数项名称:'alarmMocObjectInstance'; 说明:'网元名称'; 参数值类型:'DisplayString （SIZE(0..255)）;有越界风险，修改mib文件中长度限制为300，V1.20.10.06P01实现并在版本说明书中说明'; 值定义（OID）:'.1.3.6.1.4.1.3902.4101.1.3.1.26'; 备注:'-'"," 告警SNMP北向接口规范-SNMP北向告警接口规范-告警北向SNMP接口的功能-基于网元位置的告警同步-告警同步Trap-表2  告警同步Trap:
序号:'29'; 参数项名称:'alarmComment'; 说明:'告警注释'; 参数值类型:'STRING：0~255个字符'; 值定义（OID）:'.1.3.6.1.4.1.3902.4101.1.3.1.10'; 备注:'-'
序号:'30'; 参数项名称:'alarmOtherInfo'; 说明:'告警自定义属性'; 参数值类型:'DisplayString （SIZE(0..255)）'; 值定义（OID）:'.1.3.6.1.4.1.3902.4101.1.3.1.25'; 备注:'-'"
"告警SNMP北向接口规范-SNMP北向告警接口规范-告警北向SNMP接口的功能-基于网元位置的告警同步-告警同步开始Trap
在设置了系统支持上报告警同步开始和告警同步结束TRAP消息下，系统可以使用SNMP接口MIB中定义的alarmSyncStart标识（.1.3.6.1.4.1.3902.4101.1.4.1.11）在告警同步Trap发送给北向网管之前，先发送一条标识告警同步开始的Trap消息给北向网管。
告警SNMP北向接口规范-SNMP北向告警接口规范-告警北向SNMP接口的功能-基于网元位置的告警同步-告警同步开始Trap
### 表3  告警同步开始Trap
| 序号 | 参数项名称 | 说明 | 参数值类型 | 值定义（OID） | 备注 |
|---|---|---|---|---|---|
| '1' | '-' | '时间戳' | 'TimeTicks' | '.1.3.6.1.2.1.1.3.0' | '-' |
| '2' | '-' | '消息类型' | 'Object' | '.1.3.6.1.6.3.1.1.4.1.0' | '取值：;.1.3.6.1.4.1.3902.4101.1.4.1.11' |
| '3' | 'systemDN' | 'TECS Director' | 'STRING：;0~255个字符' | '.1.3.6.1.4.1.3902.4101.1.1.3' | '-' |
| '4' | 'syncUniqueId' | '同步编号' | 'Integer' | '.1.3.6.1.4.1.3902.4101.1.1.6' | '-' |

告警SNMP北向接口规范-SNMP北向告警接口规范-告警北向SNMP接口的功能-基于网元位置的告警同步-告警同步结束Trap
在设置了系统支持上报告警同步开始和告警同步结束TRAP消息下，系统可以使用SNMP接口MIB中定义的alarmSyncEnd标识（.1.3.6.1.4.1.3902.4101.1.4.1.12）在告警同步Trap全部发送给北向网管之后，先发送一条标识告警同步结束的Trap消息给北向网管。
告警SNMP北向接口规范-SNMP北向告警接口规范-告警北向SNMP接口的功能-基于网元位置的告警同步-告警同步结束Trap
### 表4  告警同步结束Trap
| 序号 | 参数项名称 | 说明 | 参数值类型 | 值定义（OID） | 备注 |
|---|---|---|---|---|---|
| '1' | '-' | '时间戳' | 'TimeTicks' | '.1.3.6.1.2.1.1.3.0' | '-' |
| '2' | '-' | '消息类型' | 'Object' | '.1.3.6.1.6.3.1.1.4.1.0' | '取值：;.1.3.6.1.4.1.3902.4101.1.4.1.12' |
| '3' | 'systemDN' | 'TECS Director' | 'STRING：;0~255个字符' | '.1.3.6.1.4.1.3902.4101.1.1.3' | '-' |
| '4' | 'syncUniqueId' | '同步编号' | 'Integer' | '.1.3.6.1.4.1.3902.4101.1.1.6' | '-' |
","告警SNMP北向接口规范-SNMP北向告警接口规范-告警北向SNMP接口的功能-基于网元位置的告警同步-告警同步开始Trap:
在设置了系统支持上报告警同步开始和告警同步结束TRAP消息下，系统可以使用SNMP接口MIB中定义的alarmSyncStart标识（.1.3.6.1.4.1.3902.4101.1.4.1.11）在告警同步Trap发送给北向网管之前，先发送一条标识告警同步开始的Trap消息给北向网管。"," 告警SNMP北向接口规范-SNMP北向告警接口规范-告警北向SNMP接口的功能-基于网元位置的告警同步-告警同步开始Trap-表3  告警同步开始Trap:
序号:'1'; 参数项名称:'-'; 说明:'时间戳'; 参数值类型:'TimeTicks'; 值定义（OID）:'.1.3.6.1.2.1.1.3.0'; 备注:'-'
序号:'2'; 参数项名称:'-'; 说明:'消息类型'; 参数值类型:'Object'; 值定义（OID）:'.1.3.6.1.6.3.1.1.4.1.0'; 备注:'取值：;.1.3.6.1.4.1.3902.4101.1.4.1.11'"," 告警SNMP北向接口规范-SNMP北向告警接口规范-告警北向SNMP接口的功能-基于网元位置的告警同步-告警同步开始Trap-表3  告警同步开始Trap:
序号:'3'; 参数项名称:'systemDN'; 说明:'TECS Director'; 参数值类型:'STRING：;0~255个字符'; 值定义（OID）:'.1.3.6.1.4.1.3902.4101.1.1.3'; 备注:'-'
序号:'4'; 参数项名称:'syncUniqueId'; 说明:'同步编号'; 参数值类型:'Integer'; 值定义（OID）:'.1.3.6.1.4.1.3902.4101.1.1.6'; 备注:'-'","告警SNMP北向接口规范-SNMP北向告警接口规范-告警北向SNMP接口的功能-基于网元位置的告警同步-告警同步结束Trap:
在设置了系统支持上报告警同步开始和告警同步结束TRAP消息下，系统可以使用SNMP接口MIB中定义的alarmSyncEnd标识（.1.3.6.1.4.1.3902.4101.1.4.1.12）在告警同步Trap全部发送给北向网管之后，先发送一条标识告警同步结束的Trap消息给北向网管。"," 告警SNMP北向接口规范-SNMP北向告警接口规范-告警北向SNMP接口的功能-基于网元位置的告警同步-告警同步结束Trap-表4  告警同步结束Trap:
序号:'1'; 参数项名称:'-'; 说明:'时间戳'; 参数值类型:'TimeTicks'; 值定义（OID）:'.1.3.6.1.2.1.1.3.0'; 备注:'-'
序号:'2'; 参数项名称:'-'; 说明:'消息类型'; 参数值类型:'Object'; 值定义（OID）:'.1.3.6.1.6.3.1.1.4.1.0'; 备注:'取值：;.1.3.6.1.4.1.3902.4101.1.4.1.12'"," 告警SNMP北向接口规范-SNMP北向告警接口规范-告警北向SNMP接口的功能-基于网元位置的告警同步-告警同步结束Trap-表4  告警同步结束Trap:
序号:'3'; 参数项名称:'systemDN'; 说明:'TECS Director'; 参数值类型:'STRING：;0~255个字符'; 值定义（OID）:'.1.3.6.1.4.1.3902.4101.1.1.3'; 备注:'-'
序号:'4'; 参数项名称:'syncUniqueId'; 说明:'同步编号'; 参数值类型:'Integer'; 值定义（OID）:'.1.3.6.1.4.1.3902.4101.1.1.6'; 备注:'-'"
