"告警SNMP北向接口规范-SNMP北向告警接口规范-告警北向SNMP接口的功能-确认/反确认当前告警表格中的指定告警
NMS(Network Management System, 网络管理系统)系统可以通过对SNMP(Simple Network Management Protocol, 简单网络管理协议)接口MIB(Management Information Base, 管理信息库)中定义的告警表格中的alarmAck属性执行set操作来修改指定告警的确认状态。设置约定如下：
告警SNMP(Simple Network Management Protocol, 简单网络管理协议)北向告警表格中的alarmIndex为北向模块为每条当前告警分派的唯一索引值。对zteMIB.alarm.alarmIRP.currentAlarmTable.currentAlarmEntry.alarmAck. <alarmIndex>执行set 操作，并且set 的value为""1""(确认)或者""2""(未确认)，代表对告警索引号为<alarmIndex>的告警执行确认或者反确认操作。注意确认/反确认操作时，set的value取值只能来自下表中的接口编码值。确认状态参见告警北向SNMP(Simple Network Management Protocol, 简单网络管理协议)接口的确认状态取值对照表。
告警SNMP北向接口规范-SNMP北向告警接口规范-告警北向SNMP接口的功能-确认/反确认当前告警表格中的指定告警-说明：
文中的<alarmIndex>代表变量，其值由用户根据约定输入。","告警SNMP北向接口规范-SNMP北向告警接口规范-告警北向SNMP接口的功能-确认/反确认当前告警表格中的指定告警:
NMS(Network Management System, 网络管理系统)系统可以通过对SNMP(Simple Network Management Protocol, 简单网络管理协议)接口MIB(Management Information Base, 管理信息库)中定义的告警表格中的alarmAck属性执行set操作来修改指定告警的确认状态。设置约定如下：告警SNMP(Simple Network Management Protocol, 简单网络管理协议)北向告警表格中的alarmIndex为北向模块为每条当前告警分派的唯一索引值","告警SNMP北向接口规范-SNMP北向告警接口规范-告警北向SNMP接口的功能-确认/反确认当前告警表格中的指定告警:
对zteMIB.alarm.alarmIRP.currentAlarmTable.currentAlarmEntry.alarmAck. <alarmIndex>执行set 操作，并且set 的value为""1""(确认)或者""2""(未确认)，代表对告警索引号为<alarmIndex>的告警执行确认或者反确认操作。注意确认/反确认操作时，set的value取值只能来自下表中的接口编码值","告警SNMP北向接口规范-SNMP北向告警接口规范-告警北向SNMP接口的功能-确认/反确认当前告警表格中的指定告警:
确认状态参见告警北向SNMP(Simple Network Management Protocol, 简单网络管理协议)接口的确认状态取值对照表。;

告警SNMP北向接口规范-SNMP北向告警接口规范-告警北向SNMP接口的功能-确认/反确认当前告警表格中的指定告警-说明：
文中的<alarmIndex>代表变量，其值由用户根据约定输入。"
