"告警SNMP北向接口规范-SNMP北向公共接口规范-ZTE MIB根节点定义
MIB(Management Information Base, 管理信息库)即管理信息库（Management Information Base）是SNMP(Simple Network Management Protocol, 简单网络管理协议)中管理数据的标准，在这个标准里规定了网络代理所使用的数据标识，数据类型，以及对数据的操作等信息。
MIB(Management Information Base, 管理信息库)中的数据标识以一种根在上的树状方式组织，称为对象命名树（Object Naming Tree）。树上的每个对象以从树根（虚拟根）开始到对象为止所经过结点的序列来唯一标识。如图1所示。
图1  MIB对象命名树
图中“zteMIB”结点可用｛.1.3.6.1.4.1.3902｝标识，在实际的环境中该结点也是公司内定义自己对象标识起始点。为图示方便，本文画告警北向SNMP(Simple Network Management Protocol, 简单网络管理协议)接口的对象命名树时，只画出完整对象树从enterprises结点开始的子树，子树的根结点直接用结点在完整对象树中的完整标识符{.1.3.6.1.4.1}表示。","告警SNMP北向接口规范-SNMP北向公共接口规范-ZTE MIB根节点定义:
MIB(Management Information Base, 管理信息库)即管理信息库（Management Information Base）是SNMP(Simple Network Management Protocol, 简单网络管理协议)中管理数据的标准，在这个标准里规定了网络代理所使用的数据标识，数据类型，以及对数据的操作等信息。MIB(Management Information Base, 管理信息库)中的数据标识以一种根在上的树状方式组织，称为对象命名树（Object Naming Tree）","告警SNMP北向接口规范-SNMP北向公共接口规范-ZTE MIB根节点定义:
树上的每个对象以从树根（虚拟根）开始到对象为止所经过结点的序列来唯一标识。如图1所示。;

图1  MIB对象命名树图中“zteMIB”结点可用｛.1.3.6.1.4.1.3902｝标识，在实际的环境中该结点也是公司内定义自己对象标识起始点。为图示方便，本文画告警北向SNMP(Simple Network Management Protocol, 简单网络管理协议)接口的对象命名树时，只画出完整对象树从enterprises结点开始的子树，子树的根结点直接用结点在完整对象树中的完整标识符{","告警SNMP北向接口规范-SNMP北向公共接口规范-ZTE MIB根节点定义:
1.3.6.1.4.1}表示；。;
"
