"告警SNMP北向接口规范-接口概述-SNMP接口简介
简单网络管理协议（SNMP(Simple Network Management Protocol, 简单网络管理协议)：Simple Network Management Protocol）是由互联网工程任务组（IETF(Internet Engineering Task Force, 因特网工程任务组)：Internet Engineering Task Force ）定义的一套网络管理协议。使用SNMP(Simple Network Management Protocol, 简单网络管理协议)，一个管理工作站可以远程管理支持这种协议的网络设备，包括监视网络状态、修改网络设备配置、接收网络事件警告等。SNMP(Simple Network Management Protocol, 简单网络管理协议)接口适用于TECS Director北向对接第三方告警平台的情况。","告警SNMP北向接口规范-接口概述-SNMP接口简介:
简单网络管理协议（SNMP(Simple Network Management Protocol, 简单网络管理协议)：Simple Network Management Protocol）是由互联网工程任务组（IETF(Internet Engineering Task Force, 因特网工程任务组)：Internet Engineering Task Force ）定义的一套网络管理协议","告警SNMP北向接口规范-接口概述-SNMP接口简介:
使用SNMP(Simple Network Management Protocol, 简单网络管理协议)，一个管理工作站可以远程管理支持这种协议的网络设备，包括监视网络状态、修改网络设备配置、接收网络事件警告等。SNMP(Simple Network Management Protocol, 简单网络管理协议)接口适用于TECS Director北向对接第三方告警平台的情况。;
"
