"告警SNMP北向接口规范-接口概述-接口位置和接口类型
TECS Director北向SNMP(Simple Network Management Protocol, 简单网络管理协议)是中兴通讯提供的北向适配器，使NMS(Network Management System, 网络管理系统)通过SNMP(Simple Network Management Protocol, 简单网络管理协议)协议网管获取所需数据。它的位置如图1所示。
图1  北向SNMP接口位置图","告警SNMP北向接口规范-接口概述-接口位置和接口类型
TECS Director北向SNMP(Simple Network Management Protocol, 简单网络管理协议)是中兴通讯提供的北向适配器，使NMS(Network Management System, 网络管理系统)通过SNMP(Simple Network Management Protocol, 简单网络管理协议)协议网管获取所需数据。它的位置如图1所示。
图1  北向SNMP接口位置图"
