"告警SNMP北向接口规范-接口概述-支持的SNMP协议
采用SNMP(Simple Network Management Protocol, 简单网络管理协议)协议方式进行数据交互，相应的协议栈参见表1。
告警SNMP北向接口规范-接口概述-支持的SNMP协议
### 表1  SNMP使用的协议栈
| 应用层 | SNMP |
|---|---|
| '传输层' | 'UDP' |
| '网络层' | 'IP' |
| '数据链路层' | 'DL' |
| '物理层' | 'PHY' |

SNMP(Simple Network Management Protocol, 简单网络管理协议)接口支持IETF(Internet Engineering Task Force, 因特网工程任务组)的SNMPv2c，SNMPv3协议。具体支持情况参见表2。
告警SNMP北向接口规范-接口概述-支持的SNMP协议
### 表2  SNMP协议支持类型
| 协议类型 | 支持类型 |
|---|---|
| 'SNMPv2c' | 'SNMPv2c 协议标准操作:SNMP Get;SNMP Get Next;SNMP Get Bulk;SNMP Set;SNMPv2cTrap;SNMPv2c 基于Community 的安全模型' |
| 'SNMPv3' | 'SNMPv3 协议标准操作:SNMP Get;SNMP Get Next;SNMP Get Bulk;SNMP Set;SNMPv3 Trap;SNMPv3 基于用户的安全模型' |
","告警SNMP北向接口规范-接口概述-支持的SNMP协议:
采用SNMP(Simple Network Management Protocol, 简单网络管理协议)协议方式进行数据交互，相应的协议栈参见表1。
告警SNMP北向接口规范-接口概述-支持的SNMP协议-表1  SNMP使用的协议栈:
应用层:'传输层'; SNMP:'UDP'
应用层:'网络层'; SNMP:'IP'
应用层:'数据链路层'; SNMP:'DL'
应用层:'物理层'; SNMP:'PHY'SNMP(Simple Network Management Protocol, 简单网络管理协议)接口支持IETF(Internet Engineering Task Force, 因特网工程任务组)的SNMPv2c，SNMPv3协议","告警SNMP北向接口规范-接口概述-支持的SNMP协议:
具体支持情况参见表2。;
 告警SNMP北向接口规范-接口概述-支持的SNMP协议-表2  SNMP协议支持类型:
协议类型:'SNMPv2c'; 支持类型:'SNMPv2c 协议标准操作:SNMP Get;SNMP Get Next;SNMP Get Bulk;SNMP Set;SNMPv2cTrap;SNMPv2c 基于Community 的安全模型'","告警SNMP北向接口规范-接口概述-支持的SNMP协议-表2  SNMP协议支持类型:
协议类型:'SNMPv3'; 支持类型:'SNMPv3 协议标准操作:SNMP Get;SNMP Get Next;SNMP Get Bulk;SNMP Set;SNMPv3 Trap;SNMPv3 基于用户的安全模型'"
