"告警SNMP北向接口规范-SNMP北向告警接口规范-告警北向SNMP接口的业务规约-关于如何保持TECS 云管系统和NMS告警数据一致
告警SNMP北向接口规范-SNMP北向告警接口规范-告警北向SNMP接口的业务规约-关于如何保持TECS 云管系统和NMS告警数据一致-要保持NM(Network Management, 网络管理)S和TECS Director的告警一致性可以从以下几个方面入手：-NMS(Network Management System, 网络管理系统)可以通过以下两个接口得到TECS Director的当前告警：
通过SNMP(Simple Network Management Protocol, 简单网络管理协议)告警北向提供的当前告警表格查询功能可以获取TECS Director上最新的1万当前告警。
通过SNMP(Simple Network Management Protocol, 简单网络管理协议)告警北向提供的基于网元位置的告警同步功能，可以重新取得TECS Director上指定网元位置的所有当前告警。
告警SNMP北向接口规范-SNMP北向告警接口规范-告警北向SNMP接口的业务规约-关于如何保持TECS 云管系统和NMS告警数据一致-要保持NM(Network Management, 网络管理)S和TECS Director的告警一致性可以从以下几个方面入手：-NMS(Network Management System, 网络管理系统)可以通过以下方法判断Trap消息是否丢失
TECS Director发往NMS的所有告警Trap信息中都包括两个序号标识sendNotificationId（本次发送序列号）和lastSendNotificationId（上次发送序列号）。在启用单个代理且配置一个Trap目标地址的情况下，利用这两个标识NMS可以知道是否按序无遗漏的收到来自SNMP北向的告警Trap信息。其用法为，NMS收到第一条Trap信息时，保存此Trap的sendNotificationId值，不妨记为lastId，然后收到下一条Trap时比较新Trap的lastSendNotificationId值和前面记录的lastid是否一致，若一致则说明这两条Trap是按序连续发出的，此时NMS用新Trap的sendNotificationId值更新lastId值，然后重复前述检查过程，即可保证按序无遗漏接收告警信息。若检查时发现新Trap的lastSendNotificationId值和前面记录的lastid不一致，则意味着要么这两条Trap之间存在某些Trap丢失，要么发送方发出的多条Trap在接收方发生乱序(因为SNMP协议底层采用udp协议，这两种情况都可能发生)，此时NMS可以启动容错程序，比如缓存一段时间内的Trap信息看能否重整理排序或者接收到中间丢失的Trap信息，若经容错处理后还是未能收到丢失的Trap或者不能把顺序整理成功，则NMS可以通过获取当前告警接口重新和TECS Director同步。但在启用多个代理或者单个代理配置多个Trap目标地址的情况下，这两个标识只保证是递增的。
TECS Director重启后或在发送过程中出现异常，sendNotificationId和lastSendNotificationId会自动归零，NMS(Network Management System, 网络管理系统)可以在一段时间后通过告警接口重新和TECS Director同步。
关于SNMP(Simple Network Management Protocol, 简单网络管理协议)告警编号说明参见表1。
告警SNMP北向接口规范-SNMP北向告警接口规范-告警北向SNMP接口的业务规约-关于如何保持TECS 云管系统和NMS告警数据一致
### 表1  告警编号
| 名称 | 说明 | OID |
|---|---|---|
| 'alarmIndex' | '统一告警北向SNMP(Simple Network Management Protocol, 简单网络管理协议)表格中告警的标识。' | '.1.3.6.1.4.1.3902.4101.1.3.1.9' |
| 'alarmId' | '告警源产生告警时提供的告警唯一标识。' | '.1.3.6.1.4.1.3902.4101.1.3.1.1' |
| 'aid' | '在特定专业网范围内的告警唯一标识，对于TECS Director此值只是一个字符串，无其他任何含义。' | '.1.3.6.1.4.1.3902.4101.1.3.1.23' |
| 'id' | '告警在TECS Director网管系统中的唯一标识。' | '.1.3.6.1.4.1.3902.4101.1.3.1.24' |
","告警SNMP北向接口规范-SNMP北向告警接口规范-告警北向SNMP接口的业务规约-关于如何保持TECS 云管系统和NMS告警数据一致:




告警SNMP北向接口规范-SNMP北向告警接口规范-告警北向SNMP接口的业务规约-关于如何保持TECS 云管系统和NMS告警数据一致-要保持NM(Network Management, 网络管理)S和TECS Director的告警一致性可以从以下几个方面入手：-NMS(Network Management System, 网络管理系统)可以通过以下两个接口得到TECS Director的当前告警：:
通过SNMP(Simple Network Management Protocol, 简单网络管理协议)告警北向提供的当前告警表格查询功能可以获取TECS Director上最新的1万当前告警","告警SNMP北向接口规范-SNMP北向告警接口规范-告警北向SNMP接口的业务规约-关于如何保持TECS 云管系统和NMS告警数据一致:




告警SNMP北向接口规范-SNMP北向告警接口规范-告警北向SNMP接口的业务规约-关于如何保持TECS 云管系统和NMS告警数据一致-要保持NM(Network Management, 网络管理)S和TECS Director的告警一致性可以从以下几个方面入手：-NMS(Network Management System, 网络管理系统)可以通过以下两个接口得到TECS Director的当前告警：:
通过SNMP(Simple Network Management Protocol, 简单网络管理协议)告警北向提供的基于网元位置的告警同步功能，可以重新取得TECS Director上指定网元位置的所有当前告警","告警SNMP北向接口规范-SNMP北向告警接口规范-告警北向SNMP接口的业务规约-关于如何保持TECS 云管系统和NMS告警数据一致:




告警SNMP北向接口规范-SNMP北向告警接口规范-告警北向SNMP接口的业务规约-关于如何保持TECS 云管系统和NMS告警数据一致-要保持NM(Network Management, 网络管理)S和TECS Director的告警一致性可以从以下几个方面入手：-NMS(Network Management System, 网络管理系统)可以通过以下方法判断Trap消息是否丢失:
TECS Director发往NMS的所有告警Trap信息中都包括两个序号标识sendNotificationId（本次发送序列号）和lastSendNotificationId（上次发送序列号）","告警SNMP北向接口规范-SNMP北向告警接口规范-告警北向SNMP接口的业务规约-关于如何保持TECS 云管系统和NMS告警数据一致:




告警SNMP北向接口规范-SNMP北向告警接口规范-告警北向SNMP接口的业务规约-关于如何保持TECS 云管系统和NMS告警数据一致-要保持NM(Network Management, 网络管理)S和TECS Director的告警一致性可以从以下几个方面入手：-NMS(Network Management System, 网络管理系统)可以通过以下方法判断Trap消息是否丢失:
在启用单个代理且配置一个Trap目标地址的情况下，利用这两个标识NMS可以知道是否按序无遗漏的收到来自SNMP北向的告警Trap信息","告警SNMP北向接口规范-SNMP北向告警接口规范-告警北向SNMP接口的业务规约-关于如何保持TECS 云管系统和NMS告警数据一致:




告警SNMP北向接口规范-SNMP北向告警接口规范-告警北向SNMP接口的业务规约-关于如何保持TECS 云管系统和NMS告警数据一致-要保持NM(Network Management, 网络管理)S和TECS Director的告警一致性可以从以下几个方面入手：-NMS(Network Management System, 网络管理系统)可以通过以下方法判断Trap消息是否丢失:
其用法为，NMS收到第一条Trap信息时，保存此Trap的sendNotificationId值，不妨记为lastId，然后收到下一条Trap时比较新Trap的lastSendNotificationId值和前面记录的lastid是否一致，若一致则说明这两条Trap是按序连续发出的，此时NMS用新Trap的sendNotificationId值更新lastId值，然后重复前述检查过程，即可保证按序无遗漏接收告警信息","告警SNMP北向接口规范-SNMP北向告警接口规范-告警北向SNMP接口的业务规约-关于如何保持TECS 云管系统和NMS告警数据一致:




告警SNMP北向接口规范-SNMP北向告警接口规范-告警北向SNMP接口的业务规约-关于如何保持TECS 云管系统和NMS告警数据一致-要保持NM(Network Management, 网络管理)S和TECS Director的告警一致性可以从以下几个方面入手：-NMS(Network Management System, 网络管理系统)可以通过以下方法判断Trap消息是否丢失:
若检查时发现新Trap的lastSendNotificationId值和前面记录的lastid不一致，则意味着要么这两条Trap之间存在某些Trap丢失，要么发送方发出的多条Trap在接收方发生乱序(因为SNMP协议底层采用udp协议，这两种情况都可能发生)，此时NMS可以启动容错程序，比如缓存一段时间内的Trap信息看能否重整理排序或者接收到中间丢失的Trap信息，若经容错处理后还是未能收到丢失的Trap或者不能把顺序整理成功，则NMS可以通过获取当前告警接口重新和TECS Director同步","告警SNMP北向接口规范-SNMP北向告警接口规范-告警北向SNMP接口的业务规约-关于如何保持TECS 云管系统和NMS告警数据一致:




告警SNMP北向接口规范-SNMP北向告警接口规范-告警北向SNMP接口的业务规约-关于如何保持TECS 云管系统和NMS告警数据一致-要保持NM(Network Management, 网络管理)S和TECS Director的告警一致性可以从以下几个方面入手：-NMS(Network Management System, 网络管理系统)可以通过以下方法判断Trap消息是否丢失:
但在启用多个代理或者单个代理配置多个Trap目标地址的情况下，这两个标识只保证是递增的","告警SNMP北向接口规范-SNMP北向告警接口规范-告警北向SNMP接口的业务规约-关于如何保持TECS 云管系统和NMS告警数据一致:




告警SNMP北向接口规范-SNMP北向告警接口规范-告警北向SNMP接口的业务规约-关于如何保持TECS 云管系统和NMS告警数据一致-要保持NM(Network Management, 网络管理)S和TECS Director的告警一致性可以从以下几个方面入手：-NMS(Network Management System, 网络管理系统)可以通过以下方法判断Trap消息是否丢失:
TECS Director重启后或在发送过程中出现异常，sendNotificationId和lastSendNotificationId会自动归零，NMS(Network Management System, 网络管理系统)可以在一段时间后通过告警接口重新和TECS Director同步","告警SNMP北向接口规范-SNMP北向告警接口规范-告警北向SNMP接口的业务规约-关于如何保持TECS 云管系统和NMS告警数据一致:
关于SNMP(Simple Network Management Protocol, 简单网络管理协议)告警编号说明参见表1。 告警SNMP北向接口规范-SNMP北向告警接口规范-告警北向SNMP接口的业务规约-关于如何保持TECS 云管系统和NMS告警数据一致-表1  告警编号:
名称:'alarmIndex'; 说明:'统一告警北向SNMP(Simple Network Management Protocol, 简单网络管理协议)表格中告警的标识。'; OID:'.1.3.6.1.4.1.3902.4101.1.3.1.9'"," 告警SNMP北向接口规范-SNMP北向告警接口规范-告警北向SNMP接口的业务规约-关于如何保持TECS 云管系统和NMS告警数据一致-表1  告警编号:
名称:'alarmId'; 说明:'告警源产生告警时提供的告警唯一标识。'; OID:'.1.3.6.1.4.1.3902.4101.1.3.1.1'
名称:'aid'; 说明:'在特定专业网范围内的告警唯一标识，对于TECS Director此值只是一个字符串，无其他任何含义。'; OID:'.1.3.6.1.4.1.3902.4101.1.3.1.23'","告警SNMP北向接口规范-SNMP北向告警接口规范-告警北向SNMP接口的业务规约-关于如何保持TECS 云管系统和NMS告警数据一致-表1  告警编号:
名称:'id'; 说明:'告警在TECS Director网管系统中的唯一标识。'; OID:'.1.3.6.1.4.1.3902.4101.1.3.1.24'"
