"告警SNMP北向接口规范-术语和缩略语
TECS Director网管北向SNMP(Simple Network Management Protocol, 简单网络管理协议)接口规范包括：公共接口规范、告警管理接口规范。相关缩略语和术语参见表1和表2。
告警SNMP北向接口规范-术语和缩略语
### 表1  缩略语
| 缩略语 | 中文解释 | 英文解释 |
|---|---|---|
| 'NMS' | '网络管理系统' | 'Network Management System' |
| 'ME' | '管理网元' | 'Managed Element' |
| 'Itf-N' | '北向接口' | 'Interface Northbound' |
| 'IRP' | '集成参考点' | 'Integration Reference Point' |
| 'MIB' | '管理信息库' | 'Management Information Base' |
| 'OID' | '对象标识符' | 'Object Identifier' |

告警SNMP北向接口规范-术语和缩略语
### 表2  术语
| 术语 | 说明 |
|---|---|
| '告警级别' | '当前告警的级别' |
| '告警原始级别' | '未清除告警，告警原始级别和告警级别相同;已清除告警，告警原始级别为已清除级别' |
","告警SNMP北向接口规范-术语和缩略语:
TECS Director网管北向SNMP(Simple Network Management Protocol, 简单网络管理协议)接口规范包括：公共接口规范、告警管理接口规范。相关缩略语和术语参见表1和表2。 告警SNMP北向接口规范-术语和缩略语-表1  缩略语:
缩略语:'NMS'; 中文解释:'网络管理系统'; 英文解释:'Network Management System'"," 告警SNMP北向接口规范-术语和缩略语-表1  缩略语:
缩略语:'ME'; 中文解释:'管理网元'; 英文解释:'Managed Element'
缩略语:'Itf-N'; 中文解释:'北向接口'; 英文解释:'Interface Northbound'
缩略语:'IRP'; 中文解释:'集成参考点'; 英文解释:'Integration Reference Point'
缩略语:'MIB'; 中文解释:'管理信息库'; 英文解释:'Management Information Base'","告警SNMP北向接口规范-术语和缩略语-表1  缩略语:
缩略语:'OID'; 中文解释:'对象标识符'; 英文解释:'Object Identifier'
告警SNMP北向接口规范-术语和缩略语-表2  术语:
术语:'告警级别'; 说明:'当前告警的级别'
术语:'告警原始级别'; 说明:'未清除告警，告警原始级别和告警级别相同;已清除告警，告警原始级别为已清除级别'"
