"告警SNMP北向接口规范-SNMP北向告警接口规范-告警北向SNMP接口的功能-开启/停止告警Trap上报
系统可以通过对SNMP(Simple Network Management Protocol, 简单网络管理协议)接口MIB(Management Information Base, 管理信息库)中定义的alarmOperation 下的alarmTrapEnable(.1.3.6.1.4.1.3902.4101.1.7.3.0)节点进行set操作，控制系统是否发送Trap消息，设置约定如下：
告警SNMP北向接口规范-SNMP北向告警接口规范-告警北向SNMP接口的功能-开启/停止告警Trap上报
### 表1  Trap开启/停止上报参数
| 参数值 | 说明 |
|---|---|
| '0' | '停止告警Trap上报' |
| '1' | '开启告警Trap上报' |

系统默认开启，设置成功后，永久生效。当关闭Trap消息，告警SNMP(Simple Network Management Protocol, 简单网络管理协议)进程只发送心跳和列表重建消息，不再发送告警上报、恢复、确认状态改变、注释改变和同步消息。","告警SNMP北向接口规范-SNMP北向告警接口规范-告警北向SNMP接口的功能-开启/停止告警Trap上报:
系统可以通过对SNMP(Simple Network Management Protocol, 简单网络管理协议)接口MIB(Management Information Base, 管理信息库)中定义的alarmOperation 下的alarmTrapEnable(.1.3.6.1.4.1.3902.4101.1.7.3.0)节点进行set操作，控制系统是否发送Trap消息，设置约定如下：","告警SNMP北向接口规范-SNMP北向告警接口规范-告警北向SNMP接口的功能-开启/停止告警Trap上报:
告警SNMP北向接口规范-SNMP北向告警接口规范-告警北向SNMP接口的功能-开启/停止告警Trap上报-表1  Trap开启/停止上报参数:
参数值:'0'; 说明:'停止告警Trap上报'
参数值:'1'; 说明:'开启告警Trap上报'系统默认开启，设置成功后，永久生效。当关闭Trap消息，告警SNMP(Simple Network Management Protocol, 简单网络管理协议)进程只发送心跳和列表重建消息，不再发送告警上报、恢复、确认状态改变、注释改变和同步消息"
