"
### 告警SNMP北向接口规范-参考-告警北向SNMP接口的告警级别和TECS 云管系统告警级别取值对照表
| 告警级别类型 | 解释 | TECS Director编码 | 接口编码 |
|---|---|---|---|
| 'indeterminate' | '未定义级别（TECS Director中已存在的告警不使用该级别）' | '0' | '1' |
| 'critical' | '严重级别' | '1' | '2' |
| 'major' | '主要级别' | '2' | '3' |
| 'minor' | '次要级别' | '3' | '4' |
| 'warning' | '警告级别' | '4' | '5' |
| 'cleared' | '已清除级别（TECS Director中已存在的告警不使用该级别）' | '5' | '6' |
"," 告警SNMP北向接口规范-参考-告警北向SNMP接口的告警级别和TECS 云管系统告警级别取值对照表:
告警级别类型:'indeterminate'; 解释:'未定义级别（TECS Director中已存在的告警不使用该级别）'; TECS Director编码:'0'; 接口编码:'1'
告警级别类型:'critical'; 解释:'严重级别'; TECS Director编码:'1'; 接口编码:'2'"," 告警SNMP北向接口规范-参考-告警北向SNMP接口的告警级别和TECS 云管系统告警级别取值对照表:
告警级别类型:'major'; 解释:'主要级别'; TECS Director编码:'2'; 接口编码:'3'
告警级别类型:'minor'; 解释:'次要级别'; TECS Director编码:'3'; 接口编码:'4'
告警级别类型:'warning'; 解释:'警告级别'; TECS Director编码:'4'; 接口编码:'5'","告警SNMP北向接口规范-参考-告警北向SNMP接口的告警级别和TECS 云管系统告警级别取值对照表:
告警级别类型:'cleared'; 解释:'已清除级别（TECS Director中已存在的告警不使用该级别）'; TECS Director编码:'5'; 接口编码:'6'"
