"告警SNMP北向接口规范-SNMP北向告警接口规范-告警北向SNMP接口的功能-告警级别修改-通过对SNMP(Simple Network Management Protocol, 简单网络管理协议)接口MIB(Management Information Base, 管理信息库)中定义的告警表格中的alarmPerceivedSeverity属性＋表格索引执行set操作来修改指定告警的级别。取值范围参考告警北向SNMP(Simple Network Management Protocol, 简单网络管理协议)接口的告警级别和TECS Director告警级别取值对照表。告警级别修改有如下业务规则约束：
修改告警的级别取值范围为2~5。
Set操作参数不满足级别约定，设置值为1或6，Set操作返回失败（NULL）；设置值不在1~6范围内，抛出异常。
Set操作成功或告警对应的告警码为固定级别，Set操作返回输入参数。","告警SNMP北向接口规范-SNMP北向告警接口规范-告警北向SNMP接口的功能-告警级别修改-通过对SNMP(Simple Network Management Protocol, 简单网络管理协议)接口MIB(Management Information Base, 管理信息库)中定义的告警表格中的alarmPerceivedSeverity属性＋表格索引执行set操作来修改指定告警的级别。取值范围参考告警北向SNMP(Simple Network Management Protocol, 简单网络管理协议)接口的告警级别和TECS Director告警级别取值对照表。告警级别修改有如下业务规则约束：:
修改告警的级别取值范围为2~5","告警SNMP北向接口规范-SNMP北向告警接口规范-告警北向SNMP接口的功能-告警级别修改-通过对SNMP(Simple Network Management Protocol, 简单网络管理协议)接口MIB(Management Information Base, 管理信息库)中定义的告警表格中的alarmPerceivedSeverity属性＋表格索引执行set操作来修改指定告警的级别。取值范围参考告警北向SNMP(Simple Network Management Protocol, 简单网络管理协议)接口的告警级别和TECS Director告警级别取值对照表。告警级别修改有如下业务规则约束：:
Set操作参数不满足级别约定，设置值为1或6，Set操作返回失败（NULL）","告警SNMP北向接口规范-SNMP北向告警接口规范-告警北向SNMP接口的功能-告警级别修改-通过对SNMP(Simple Network Management Protocol, 简单网络管理协议)接口MIB(Management Information Base, 管理信息库)中定义的告警表格中的alarmPerceivedSeverity属性＋表格索引执行set操作来修改指定告警的级别。取值范围参考告警北向SNMP(Simple Network Management Protocol, 简单网络管理协议)接口的告警级别和TECS Director告警级别取值对照表。告警级别修改有如下业务规则约束：:
设置值不在1~6范围内，抛出异常","告警SNMP北向接口规范-SNMP北向告警接口规范-告警北向SNMP接口的功能-告警级别修改-通过对SNMP(Simple Network Management Protocol, 简单网络管理协议)接口MIB(Management Information Base, 管理信息库)中定义的告警表格中的alarmPerceivedSeverity属性＋表格索引执行set操作来修改指定告警的级别。取值范围参考告警北向SNMP(Simple Network Management Protocol, 简单网络管理协议)接口的告警级别和TECS Director告警级别取值对照表。告警级别修改有如下业务规则约束：:
Set操作成功或告警对应的告警码为固定级别，Set操作返回输入参数"
