"告警SNMP北向接口规范-SNMP北向告警接口规范-告警北向SNMP接口的功能-设置告警表格过滤条件
告警列表除按照统一的过滤规则（专业网预配置告警Trap过滤条件），支持在获取当前告警列表临时设置过滤条件。系统可以通过对SNMP(Simple Network Management Protocol, 简单网络管理协议)接口MIB(Management Information Base, 管理信息库)中定义的alarmTableFilter(.1.3.6.1.4.1.3902.4101.1.7.2.0)节点设置表格条件，该过滤条件对原始表和扩展表的查询都生效。
参数格式示例：
PerceivedSeverity:1,3; TypeOfEvent:1,2;ProbableCause:1001,1002;SystemTypeAndCause:[6,1000][11,1200];SystemTypeAndCode:[6,1000][6,1010];Position1OrPostion2:COMM:EMS=0806164728805, CommonTopoObject=123;beginraisetime:2017-10-16 10:50:50,GMT-8:00;endraisetime:2017-10-16 10:57:36,GMT-8:00;NEPosition:COMM:EMS=0806164728805,CommonTopoObject=123
参数取值范围：
告警SNMP北向接口规范-SNMP北向告警接口规范-告警北向SNMP接口的功能-设置告警表格过滤条件
### 表1  表格过滤条件取值
| 条件 | 取值范围 |
|---|---|
| '前缀include/exclude' | '条件前面加上前缀可以查询不同范围的告警;Include：表示查询满足条件的告警;exclude：表示过滤掉满足条件的告警;无前缀：等同于exclude' |
| '告警级别 PerceivedSeverity' | '[1,6]' |
| '告警类型TypeOfEvent' | '[1,11]' |
| '系统类型 SystemType' | '系统类型' |
| '告警码 ProbableCause' | '北向告警码' |
| '网元NEPosition' | '网元位置，不支持分组查询' |
| '发生开始时间beginraisetime' | '告警发生时间下限，没有设置无下限' |
| '发生结束时间endraisetime' | '告警发生时间上限，没有设置无上限' |
| '系统类型北向告警码SystemTypeAndCause' | '系统类型和北向告警码组合条件，格式为：;[SystemType,ProbableCause][SystemType,ProbableCause]' |
| '主位置从位置Position1OrPosition2' | '主位置或从位置过滤条件，格式为：;Position1,Position2' |
| '系统类型平台告警码SystemTypeAndCode' | '系统类型和平台告警码组合条件，格式为：;[SystemType,AlarmCode][SystemType, AlarmCode]' |
| '当前告警Id' | '告警Id，以逗号分隔' |

告警SNMP北向接口规范-SNMP北向告警接口规范-告警北向SNMP接口的功能-设置告警表格过滤条件-参数说明：
每个条件以分号隔开，条件值之间使用逗号分割。
条件可以为1个或多个，若输入字符串为空，关闭表格条件。
条件值之间使用逗号分割，多个条件值中若有部分错误，仅保存正确条件值；若多个条件值均错误，重置该条件为空。
若输入多个条件，网元位置条件必须在最后。
满足条件的告警将被过滤。
条件名称不对，忽略该条件值。
设置成功，返回当前条件值。
NEPosition参数值和syncAlarm节点参数值取值相同。
参数名以文档为准。
建议用户设置前缀避免使用上产生误解。
协议栈的最大限制是64 K，一般网元的最大长度为200个字节，所以NEPosition最多可以配置64×1024÷200=327个。
设置表格过滤条件Set操作返回值说明：
告警SNMP北向接口规范-SNMP北向告警接口规范-告警北向SNMP接口的功能-设置告警表格过滤条件
### 表2  表格过滤条件set返回值
| 返回值 | 返回类型 | 说明 |
|---|---|---|
| '当前表格过滤条件' | 'String' | '操作成功' |
| '5，6，8，9，10，11，13，14' | 'INTEGER' | '条件位置错误' |
| '7' | 'INTEGER' | '系统错误' |
| '12' | 'INTEGER' | '条件前缀位置错误' |
","告警SNMP北向接口规范-SNMP北向告警接口规范-告警北向SNMP接口的功能-设置告警表格过滤条件:
告警列表除按照统一的过滤规则（专业网预配置告警Trap过滤条件），支持在获取当前告警列表临时设置过滤条件。系统可以通过对SNMP(Simple Network Management Protocol, 简单网络管理协议)接口MIB(Management Information Base, 管理信息库)中定义的alarmTableFilter(.1.3.6.1.4.1.3902.4101.1.7.2","告警SNMP北向接口规范-SNMP北向告警接口规范-告警北向SNMP接口的功能-设置告警表格过滤条件:
0)节点设置表格条件，该过滤条件对原始表和扩展表的查询都生效；。;

参数格式示例：PerceivedSeverity:1,3; TypeOfEvent:1,2;ProbableCause:1001,1002;SystemTypeAndCause:[6,1000][11,1200];SystemTypeAndCode:[6,1000][6,1010]","告警SNMP北向接口规范-SNMP北向告警接口规范-告警北向SNMP接口的功能-设置告警表格过滤条件:
Position1OrPostion2:COMM:EMS=0806164728805, CommonTopoObject=123;beginraisetime:2017-10-16 10:50:50,GMT-8:00;endraisetime:2017-10-16 10:57:36,GMT-8:00","告警SNMP北向接口规范-SNMP北向告警接口规范-告警北向SNMP接口的功能-设置告警表格过滤条件:
NEPosition:COMM:EMS=0806164728805,CommonTopoObject=123

参数取值范围： 告警SNMP北向接口规范-SNMP北向告警接口规范-告警北向SNMP接口的功能-设置告警表格过滤条件-表1  表格过滤条件取值:
条件:'前缀include/exclude'; 取值范围:'条件前面加上前缀可以查询不同范围的告警;Include：表示查询满足条件的告警;exclude：表示过滤掉满足条件的告警;无前缀：等同于exclude'","告警SNMP北向接口规范-SNMP北向告警接口规范-告警北向SNMP接口的功能-设置告警表格过滤条件:
 告警SNMP北向接口规范-SNMP北向告警接口规范-告警北向SNMP接口的功能-设置告警表格过滤条件-表1  表格过滤条件取值:
条件:'告警级别 PerceivedSeverity'; 取值范围:'[1,6]'
条件:'告警类型TypeOfEvent'; 取值范围:'[1,11]'
条件:'系统类型 SystemType'; 取值范围:'系统类型'","告警SNMP北向接口规范-SNMP北向告警接口规范-告警北向SNMP接口的功能-设置告警表格过滤条件:
 告警SNMP北向接口规范-SNMP北向告警接口规范-告警北向SNMP接口的功能-设置告警表格过滤条件-表1  表格过滤条件取值:
条件:'告警码 ProbableCause'; 取值范围:'北向告警码'
条件:'网元NEPosition'; 取值范围:'网元位置，不支持分组查询'
条件:'发生开始时间beginraisetime'; 取值范围:'告警发生时间下限，没有设置无下限'","告警SNMP北向接口规范-SNMP北向告警接口规范-告警北向SNMP接口的功能-设置告警表格过滤条件:
 告警SNMP北向接口规范-SNMP北向告警接口规范-告警北向SNMP接口的功能-设置告警表格过滤条件-表1  表格过滤条件取值:
条件:'发生结束时间endraisetime'; 取值范围:'告警发生时间上限，没有设置无上限'
条件:'系统类型北向告警码SystemTypeAndCause'; 取值范围:'系统类型和北向告警码组合条件，格式为：;[SystemType,ProbableCause][SystemType,ProbableCause]'","告警SNMP北向接口规范-SNMP北向告警接口规范-告警北向SNMP接口的功能-设置告警表格过滤条件:
 告警SNMP北向接口规范-SNMP北向告警接口规范-告警北向SNMP接口的功能-设置告警表格过滤条件-表1  表格过滤条件取值:
条件:'主位置从位置Position1OrPosition2'; 取值范围:'主位置或从位置过滤条件，格式为：;Position1,Position2'
条件:'系统类型平台告警码SystemTypeAndCode'; 取值范围:'系统类型和平台告警码组合条件，格式为：;[SystemType,AlarmCode][SystemType, AlarmCode]'","告警SNMP北向接口规范-SNMP北向告警接口规范-告警北向SNMP接口的功能-设置告警表格过滤条件:
告警SNMP北向接口规范-SNMP北向告警接口规范-告警北向SNMP接口的功能-设置告警表格过滤条件-表1  表格过滤条件取值:
条件:'当前告警Id'; 取值范围:'告警Id，以逗号分隔'

告警SNMP北向接口规范-SNMP北向告警接口规范-告警北向SNMP接口的功能-设置告警表格过滤条件-参数说明：:
每个条件以分号隔开，条件值之间使用逗号分割。条件可以为1个或多个，若输入字符串为空，关闭表格条件。","告警SNMP北向接口规范-SNMP北向告警接口规范-告警北向SNMP接口的功能-设置告警表格过滤条件:


告警SNMP北向接口规范-SNMP北向告警接口规范-告警北向SNMP接口的功能-设置告警表格过滤条件-参数说明：:
条件值之间使用逗号分割，多个条件值中若有部分错误，仅保存正确条件值；若多个条件值均错误，重置该条件为空。
若输入多个条件，网元位置条件必须在最后。
满足条件的告警将被过滤。
条件名称不对，忽略该条件值。
设置成功，返回当前条件值。NEPosition参数值和syncAlarm节点参数值取值相同","告警SNMP北向接口规范-SNMP北向告警接口规范-告警北向SNMP接口的功能-设置告警表格过滤条件:
告警SNMP北向接口规范-SNMP北向告警接口规范-告警北向SNMP接口的功能-设置告警表格过滤条件-参数说明：
参数名以文档为准。
建议用户设置前缀避免使用上产生误解。
协议栈的最大限制是64 K，一般网元的最大长度为200个字节，所以NEPosition最多可以配置64×1024÷200=327个。
设置表格过滤条件Set操作返回值说明：","告警SNMP北向接口规范-SNMP北向告警接口规范-告警北向SNMP接口的功能-设置告警表格过滤条件-表2  表格过滤条件set返回值:
返回值:'当前表格过滤条件'; 返回类型:'String'; 说明:'操作成功'
返回值:'5，6，8，9，10，11，13，14'; 返回类型:'INTEGER'; 说明:'条件位置错误'
返回值:'7'; 返回类型:'INTEGER'; 说明:'系统错误'
返回值:'12'; 返回类型:'INTEGER'; 说明:'条件前缀位置错误'"
