"操作与维护-例行维护-自动化巡检项目:
通过随版本自带的工作流对TECS Director进行自动化巡检，检查系统服务、业务是否正常运行，提早发现潜在的风险。自动化巡检所包含的项目参见表1。操作与维护-例行维护-自动化巡检项目
### 表1  自动化巡检项目
| 序号 | 巡检项 | 巡检方法 | 通过标准 | 处理指导 |
|---|---|---|---|---|
| '1' | '检查系统CPU使用率' | '使用top命令采集节点CPU空闲率，每隔1秒采集一次top、一共采集4次，计算cpu idle平均值。' | '所有节点的平均CPU空闲 >= 20%' | '查看巡检不通过的详情，确认哪些节点不通过。;登录不通过的节点，执行top命令，采集输出。;联系中兴通讯技术支持并发送巡检不通过详情和命令采集结果。' |
| '2' | '检查系统内存使用率' | '使用free -m命令采集节点内存空闲量。' | '所有节点的空闲内存 >= 500M' | '查看巡检不通过的详情，确认哪些节点不通过。;登录不通过的节点，执行top、free -m、ps -aux命令采集输出。;联系中兴通讯技术支持并发回巡检不通过详情和命令采集结果。' |
| '3' | '检查磁盘分区使用率' | '使用lvs命令查出所有逻辑卷，;使用df -h命令查看卷挂载目录的使用情况（也包括根分区、日志分区、/paasdata在内），根据分区使用率来判断。' | '所有节点的逻辑卷磁盘使用率<=90%' | '查看巡检不通过的详情，确认哪些节点不通过。;登录不通过的节点，执行df -h命令采集输出。;联系中兴通讯技术支持并发回巡检不通过详情和命令采集结果。' |
| '4' | '检查文件系统挂载和只读' | '使用lvs命令采集所有的逻辑卷。;使用mount命令查询挂载情况、挂载卷的读写属性。' | '所有节点的逻辑卷都挂载、可读可写。' | '检查存储网络是否不通，如果确认不通，解决网络问题。;如果不能解决，联系中兴通讯技术支持。' |
| '5' | '检查系统负荷' | '使用uptime命令查询系统负荷，取1分钟的负荷，与门限进行比较。' | '所有节点的负荷 <=50' | '查看巡检不通过的详情，确认哪些节点不通过。;登录不通过的节点，执行uptime、top命令采集输出。;联系中兴通讯技术支持并发回巡检不通过详情和命令采集结果。' |
| '6' | '检查磁盘IO使用率' | '通过top命令查询系统的IO使用率，取3次采集结果的平均值。;通过iostat命令查询设备的IO使用率，取3次采集结果的平均值。' | '所有节点的wa值 <= 50%，且所有设备的ioutil <= 90%' | '查看巡检不通过的详情，确认哪些节点不通过;登录不通过的节点，执行top、iostat -mx 1、lvs、pvs、ls -l /dev/mapper命令采集输出;联系中兴通讯技术支持并发回巡检不通过详情和命令采集结果' |
| '7' | '检查节点间网络连通性' | '通过ping命令测试节点的NET-API网络平面的IP是否能ping通，即正常通信。;需要使用普通包（56字节）和大包（例如：3000字节）分别进行测试，连续进行5次测试。' | '所有节点普通包和大包都能ping通、且无丢包。' | '检查交换机配置。;网线是否松动。;bond口主网卡是否故障，倒换主用成员口后再观察。' |
| '8' | '检查时钟同步' | '查询各个节点的NET-API网络平面的IP地址。;通过SSH方式登录各节点。;执行date +%s命令，收集各节点的时间，比较最大和最小两个时间。' | '节点之间最大时间偏差 <= 60秒' | '检查NTP配置是否正确。;手动调整时间到一致。' |
| '9' | '检查kafka服务状态' | '检查kafka集群中所有容器状态。;获取kafka容器内zookeeper上的kafka集群的节点信息。;检查kafka容器所在主机节点的服务端口。' | '同时符合以下条件即为通过：:容器状态均为running。;集群节点非空。;服务端口检测正常。' | '联系中兴通讯技术支持。' |
| '10' | '检查Cassandra集群状态' | '进入任意一个cassandra容器，使用nodetool status命令，检查集群状态。' | '集群中每个节点的状态标志都是UN。' | '联系中兴通讯技术支持。' |
| '11' | '检查Director服务个数和状态' | '对比/paasdata/Director*/install-script/bp/director.bp+migration.json和PaaS接口查回来的服务列表，比较服务数量，并查看服务状态。' | '凡配置文件中有的、服务列表中也有，且服务列表中的服务状态都为running。' | '如果服务状态异常，则尝试在PaaS portal上重启对应服务。' |
| '12' | '检查是否存在jvm堆栈溢出' | '查找/var/zte-log/testlog目录下有没有*.hprof格式的jvm堆栈溢出文件。' | '所有节点上都没有*.hprof文件。' | '查看巡检不通过的详情，确认哪些节点不通过。;联系中兴通讯技术支持，并把dump文件发给中兴通讯进行分析。;把dump文件从环境上删除。' |
| '13' | '检查节点标签完整性' | '使用pdm-cli cluster node list命令查看各种标签，判断有没有缺少和多余。' | '节点标签完整，不存在多余或缺少的标签。' | '查看巡检不通过详的情，确认哪些标签多余或缺少。;手动添加缺少的，或删除多余的标签。' |
| '14' | '检查自动备份开关' | '调用rest接口查询自动备份标志。' | '自动备份标志为True。' | '登录Director界面，开启自动备份。' |
| '15' | '检查自动备份有效性' | '调用rest接口查询备份记录，查看每次备份的备份模式和备份状态。' | '符合其中一条标准即为通过：:最近一次自动备份的状态是成功。;不存在自动备份记录。' | '联系中兴通讯技术支持。' |
| '16' | '检查性能数据上报通道' | '针对每个云环境（不论其状态），查询主机对象的两个计数器：主机CPU使用率、主机CPU数量。' | '每个云环境的主机都能查到这两个计数器的值。' | '联系中兴通讯技术支持。' |
| '17' | '检查云环境连接状态' | '通过ping命令检查云环境Openstack认证URL和Provider认证URL是否能ping通。;查看vrm微服务向云环境鉴权和调用云环境业务接口的结果。' | '同时符合以下条件即为通过：:与云环境Openstack认证URL和Provider认证URL能够正常通信。;vrm微服务向云环境鉴权成功、调用云环境业务接口成功。' | '如果IP ping不通，则检查路由配置。;如果接口调用超时，检查云环境和Director之间防火墙是否放开相应端口。' |
| '18' | '检查性能北向文件' | '在性能北向FTP服务器设置中的开关打开的前提下，查看性能北向文件，检查最近的2个生成周期是否产生了性能北向文件，且文件名符合性能北向配置规则。' | '按照生成周期产生了性能北向文件。' | '联系中兴通讯技术支持。' |
| '19' | '检查系统日志采集通道' | '在虚拟资源系统日志采集开关打开的前提下，查询每个云环境（不论其状态）近期的系统日志。' | '每个云环境在近15分钟内都有系统日志。' | '检查云环境是否开启了系统日志采集，如果没开启的，则开启。;检查云环境是否设置了9092、9093端口的iptables防火墙，需要放开这些端口。' |
| '20' | '检查操作日志采集通道' | '在操作日志采集开关打开的前提下，查看每个云环境9092、9093端口的连通性。' | '每个云环境的9092、9093端口都能进行TCP建链。' | '检查云环境是否设置了9092、9093端口的iptables防火墙，需要放开这些端口。' |
| '21' | '检查告警南向上报通道' | '分析告警模块的日志，有没有南向告警上来被丢弃的情况。' | '每个云环境近30分钟内不存在因白名单问题而丢弃告警的情况。' | '确认云环境是否已接入Director。;确认云环境的VIM IP配置和Director接入的云环境IP一致。' |
","操作与维护-例行维护-自动化巡检项目:
通过随版本自带的工作流对TECS Director进行自动化巡检，检查系统服务、业务是否正常运行，提早发现潜在的风险。自动化巡检所包含的项目参见表1。 操作与维护-例行维护-自动化巡检项目-表1  自动化巡检项目:
序号:'1'; 巡检项:'检查系统CPU使用率'; 巡检方法:'使用top命令采集节点CPU空闲率，每隔1秒采集一次top、一共采集4次，计算cpu idle平均值。'; 通过标准:'所有节点的平均CPU空闲 >= 20%'; 处理指导:'查看巡检不通过的详情，确认哪些节点不通过。;登录不通过的节点，执行top命令，采集输出。;联系中兴通讯技术支持并发送巡检不通过详情和命令采集结果。'"," 操作与维护-例行维护-自动化巡检项目-表1  自动化巡检项目:
序号:'2'; 巡检项:'检查系统内存使用率'; 巡检方法:'使用free -m命令采集节点内存空闲量。'; 通过标准:'所有节点的空闲内存 >= 500M'; 处理指导:'查看巡检不通过的详情，确认哪些节点不通过。;登录不通过的节点，执行top、free -m、ps -aux命令采集输出。;联系中兴通讯技术支持并发回巡检不通过详情和命令采集结果。'"," 操作与维护-例行维护-自动化巡检项目-表1  自动化巡检项目:
序号:'3'; 巡检项:'检查磁盘分区使用率'; 巡检方法:'使用lvs命令查出所有逻辑卷，;使用df -h命令查看卷挂载目录的使用情况（也包括根分区、日志分区、/paasdata在内），根据分区使用率来判断。'; 通过标准:'所有节点的逻辑卷磁盘使用率<=90%'; 处理指导:'查看巡检不通过的详情，确认哪些节点不通过。;登录不通过的节点，执行df -h命令采集输出。;联系中兴通讯技术支持并发回巡检不通过详情和命令采集结果。'"," 操作与维护-例行维护-自动化巡检项目-表1  自动化巡检项目:
序号:'4'; 巡检项:'检查文件系统挂载和只读'; 巡检方法:'使用lvs命令采集所有的逻辑卷。;使用mount命令查询挂载情况、挂载卷的读写属性。'; 通过标准:'所有节点的逻辑卷都挂载、可读可写。'; 处理指导:'检查存储网络是否不通，如果确认不通，解决网络问题。;如果不能解决，联系中兴通讯技术支持。'
序号:'5'; 巡检项:'检查系统负荷'; 巡检方法:'使用uptime命令查询系统负荷，取1分钟的负荷，与门限进行比较。'; 通过标准:'所有节点的负荷 <=50'; 处理指导:'查看巡检不通过的详情，确认哪些节点不通过。;登录不通过的节点，执行uptime、top命令采集输出。;联系中兴通讯技术支持并发回巡检不通过详情和命令采集结果。'"," 操作与维护-例行维护-自动化巡检项目-表1  自动化巡检项目:
序号:'6'; 巡检项:'检查磁盘IO使用率'; 巡检方法:'通过top命令查询系统的IO使用率，取3次采集结果的平均值。;通过iostat命令查询设备的IO使用率，取3次采集结果的平均值。'; 通过标准:'所有节点的wa值 <= 50%，且所有设备的ioutil <= 90%'; 处理指导:'查看巡检不通过的详情，确认哪些节点不通过;登录不通过的节点，执行top、iostat -mx 1、lvs、pvs、ls -l /dev/mapper命令采集输出;联系中兴通讯技术支持并发回巡检不通过详情和命令采集结果'"," 操作与维护-例行维护-自动化巡检项目-表1  自动化巡检项目:
序号:'7'; 巡检项:'检查节点间网络连通性'; 巡检方法:'通过ping命令测试节点的NET-API网络平面的IP是否能ping通，即正常通信。;需要使用普通包（56字节）和大包（例如：3000字节）分别进行测试，连续进行5次测试。'; 通过标准:'所有节点普通包和大包都能ping通、且无丢包。'; 处理指导:'检查交换机配置。;网线是否松动。;bond口主网卡是否故障，倒换主用成员口后再观察。'"," 操作与维护-例行维护-自动化巡检项目-表1  自动化巡检项目:
序号:'8'; 巡检项:'检查时钟同步'; 巡检方法:'查询各个节点的NET-API网络平面的IP地址。;通过SSH方式登录各节点。;执行date +%s命令，收集各节点的时间，比较最大和最小两个时间。'; 通过标准:'节点之间最大时间偏差 <= 60秒'; 处理指导:'检查NTP配置是否正确。;手动调整时间到一致。'
序号:'9'; 巡检项:'检查kafka服务状态'; 巡检方法:'检查kafka集群中所有容器状态。;获取kafka容器内zookeeper上的kafka集群的节点信息。;检查kafka容器所在主机节点的服务端口。'; 通过标准:'同时符合以下条件即为通过：:容器状态均为running。;集群节点非空。;服务端口检测正常。'; 处理指导:'联系中兴通讯技术支持。'"," 操作与维护-例行维护-自动化巡检项目-表1  自动化巡检项目:
序号:'10'; 巡检项:'检查Cassandra集群状态'; 巡检方法:'进入任意一个cassandra容器，使用nodetool status命令，检查集群状态。'; 通过标准:'集群中每个节点的状态标志都是UN。'; 处理指导:'联系中兴通讯技术支持。'
序号:'11'; 巡检项:'检查Director服务个数和状态'; 巡检方法:'对比/paasdata/Director*/install-script/bp/director.bp+migration.json和PaaS接口查回来的服务列表，比较服务数量，并查看服务状态。'; 通过标准:'凡配置文件中有的、服务列表中也有，且服务列表中的服务状态都为running。'; 处理指导:'如果服务状态异常，则尝试在PaaS portal上重启对应服务。'"," 操作与维护-例行维护-自动化巡检项目-表1  自动化巡检项目:
序号:'12'; 巡检项:'检查是否存在jvm堆栈溢出'; 巡检方法:'查找/var/zte-log/testlog目录下有没有*.hprof格式的jvm堆栈溢出文件。'; 通过标准:'所有节点上都没有*.hprof文件。'; 处理指导:'查看巡检不通过的详情，确认哪些节点不通过。;联系中兴通讯技术支持，并把dump文件发给中兴通讯进行分析。;把dump文件从环境上删除。'"," 操作与维护-例行维护-自动化巡检项目-表1  自动化巡检项目:
序号:'13'; 巡检项:'检查节点标签完整性'; 巡检方法:'使用pdm-cli cluster node list命令查看各种标签，判断有没有缺少和多余。'; 通过标准:'节点标签完整，不存在多余或缺少的标签。'; 处理指导:'查看巡检不通过详的情，确认哪些标签多余或缺少。;手动添加缺少的，或删除多余的标签。'
序号:'14'; 巡检项:'检查自动备份开关'; 巡检方法:'调用rest接口查询自动备份标志。'; 通过标准:'自动备份标志为True。'; 处理指导:'登录Director界面，开启自动备份。'"," 操作与维护-例行维护-自动化巡检项目-表1  自动化巡检项目:
序号:'15'; 巡检项:'检查自动备份有效性'; 巡检方法:'调用rest接口查询备份记录，查看每次备份的备份模式和备份状态。'; 通过标准:'符合其中一条标准即为通过：:最近一次自动备份的状态是成功。;不存在自动备份记录。'; 处理指导:'联系中兴通讯技术支持。'
序号:'16'; 巡检项:'检查性能数据上报通道'; 巡检方法:'针对每个云环境（不论其状态），查询主机对象的两个计数器：主机CPU使用率、主机CPU数量。'; 通过标准:'每个云环境的主机都能查到这两个计数器的值。'; 处理指导:'联系中兴通讯技术支持。'"," 操作与维护-例行维护-自动化巡检项目-表1  自动化巡检项目:
序号:'17'; 巡检项:'检查云环境连接状态'; 巡检方法:'通过ping命令检查云环境Openstack认证URL和Provider认证URL是否能ping通。;查看vrm微服务向云环境鉴权和调用云环境业务接口的结果。'; 通过标准:'同时符合以下条件即为通过：:与云环境Openstack认证URL和Provider认证URL能够正常通信。;vrm微服务向云环境鉴权成功、调用云环境业务接口成功。'; 处理指导:'如果IP ping不通，则检查路由配置。;如果接口调用超时，检查云环境和Director之间防火墙是否放开相应端口。'"," 操作与维护-例行维护-自动化巡检项目-表1  自动化巡检项目:
序号:'18'; 巡检项:'检查性能北向文件'; 巡检方法:'在性能北向FTP服务器设置中的开关打开的前提下，查看性能北向文件，检查最近的2个生成周期是否产生了性能北向文件，且文件名符合性能北向配置规则。'; 通过标准:'按照生成周期产生了性能北向文件。'; 处理指导:'联系中兴通讯技术支持。'
序号:'19'; 巡检项:'检查系统日志采集通道'; 巡检方法:'在虚拟资源系统日志采集开关打开的前提下，查询每个云环境（不论其状态）近期的系统日志。'; 通过标准:'每个云环境在近15分钟内都有系统日志。'; 处理指导:'检查云环境是否开启了系统日志采集，如果没开启的，则开启。;检查云环境是否设置了9092、9093端口的iptables防火墙，需要放开这些端口。'"," 操作与维护-例行维护-自动化巡检项目-表1  自动化巡检项目:
序号:'20'; 巡检项:'检查操作日志采集通道'; 巡检方法:'在操作日志采集开关打开的前提下，查看每个云环境9092、9093端口的连通性。'; 通过标准:'每个云环境的9092、9093端口都能进行TCP建链。'; 处理指导:'检查云环境是否设置了9092、9093端口的iptables防火墙，需要放开这些端口。'
序号:'21'; 巡检项:'检查告警南向上报通道'; 巡检方法:'分析告警模块的日志，有没有南向告警上来被丢弃的情况。'; 通过标准:'每个云环境近30分钟内不存在因白名单问题而丢弃告警的情况。'; 处理指导:'确认云环境是否已接入Director。;确认云环境的VIM IP配置和Director接入的云环境IP一致。'"
