"操作与维护-用户指南-中兴云操作指南-参考-产品注册信息
本节提供各种产品注册信息示例，产品注册时填写的参数说明参见表1。
操作与维护-用户指南-中兴云操作指南-参考-产品注册信息
### 表1  产品注册参数说明
| 参数类型 | 参数名称 | 参数说明 |
|---|---|---|
| '基本信息' | '产品ID' | '中兴云运营门户与云服务之间接口交互的主要参数，产品ID不可重复' |
| '基本信息' | '产品名称' | '云服务的名称' |
| '基本信息' | '产品标题' | '产品显示的标题' |
| '基本信息' | '产品描述' | '产品显示的描述内容' |
| '基本信息' | '产品大类' | '产品的分类' |
| '基本信息' | '产品小类' | '产品的分类' |
| '基本信息' | '云环境类型' | '可选openstack或openpalette' |
| '页面路由信息' | '产品申请页面URL' | '链接到云服务资源申请页面，在云服务介绍页面中使用' |
| '页面路由信息' | '产品资源详情页面URL' | '支持中兴云运营门户在url后面拼接资源id' |
| '页面路由信息' | '产品控制台页面URL' | '建议链接到云服务资源列表页面，在云服务介绍页面中使用' |
| '页面路由信息' | '产品管理门户页面URL' | '链接到云服务的管理页面，若云服务要把管理界面集成到中兴云门户则需要提供该路由地址' |
| '资源实施接口信息' | '微服务名' | '微服务名，当云服务部署在中兴云内部时需要填写' |
| '资源实施接口信息' | '版本号' | '版本号，当云服务部署在中兴云内部时需要填写' |
| '资源实施接口信息' | '资源申请接口URL' | '云服务对外提供的申请资源的接口' |
| '资源实施接口信息' | '资源变配接口URL' | '云服务对外提供的变配资源的接口' |
| '资源实施接口信息' | '资源释放接口URL' | '云服务对外提供的释放资源的接口' |
| '资源实施接口信息' | '资源管理接口URL' | '云服务对外提供的资源状态变更接口' |
","操作与维护-用户指南-中兴云操作指南-参考-产品注册信息:
本节提供各种产品注册信息示例，产品注册时填写的参数说明参见表1。 操作与维护-用户指南-中兴云操作指南-参考-产品注册信息-表1  产品注册参数说明:
参数类型:'基本信息'; 参数名称:'产品ID'; 参数说明:'中兴云运营门户与云服务之间接口交互的主要参数，产品ID不可重复'
参数类型:'基本信息'; 参数名称:'产品名称'; 参数说明:'云服务的名称'
参数类型:'基本信息'; 参数名称:'产品标题'; 参数说明:'产品显示的标题'"," 操作与维护-用户指南-中兴云操作指南-参考-产品注册信息-表1  产品注册参数说明:
参数类型:'基本信息'; 参数名称:'产品描述'; 参数说明:'产品显示的描述内容'
参数类型:'基本信息'; 参数名称:'产品大类'; 参数说明:'产品的分类'
参数类型:'基本信息'; 参数名称:'产品小类'; 参数说明:'产品的分类'
参数类型:'基本信息'; 参数名称:'云环境类型'; 参数说明:'可选openstack或openpalette'"," 操作与维护-用户指南-中兴云操作指南-参考-产品注册信息-表1  产品注册参数说明:
参数类型:'页面路由信息'; 参数名称:'产品申请页面URL'; 参数说明:'链接到云服务资源申请页面，在云服务介绍页面中使用'
参数类型:'页面路由信息'; 参数名称:'产品资源详情页面URL'; 参数说明:'支持中兴云运营门户在url后面拼接资源id'
参数类型:'页面路由信息'; 参数名称:'产品控制台页面URL'; 参数说明:'建议链接到云服务资源列表页面，在云服务介绍页面中使用'"," 操作与维护-用户指南-中兴云操作指南-参考-产品注册信息-表1  产品注册参数说明:
参数类型:'页面路由信息'; 参数名称:'产品管理门户页面URL'; 参数说明:'链接到云服务的管理页面，若云服务要把管理界面集成到中兴云门户则需要提供该路由地址'
参数类型:'资源实施接口信息'; 参数名称:'微服务名'; 参数说明:'微服务名，当云服务部署在中兴云内部时需要填写'
参数类型:'资源实施接口信息'; 参数名称:'版本号'; 参数说明:'版本号，当云服务部署在中兴云内部时需要填写'"," 操作与维护-用户指南-中兴云操作指南-参考-产品注册信息-表1  产品注册参数说明:
参数类型:'资源实施接口信息'; 参数名称:'资源申请接口URL'; 参数说明:'云服务对外提供的申请资源的接口'
参数类型:'资源实施接口信息'; 参数名称:'资源变配接口URL'; 参数说明:'云服务对外提供的变配资源的接口'
参数类型:'资源实施接口信息'; 参数名称:'资源释放接口URL'; 参数说明:'云服务对外提供的释放资源的接口'","操作与维护-用户指南-中兴云操作指南-参考-产品注册信息-表1  产品注册参数说明:
参数类型:'资源实施接口信息'; 参数名称:'资源管理接口URL'; 参数说明:'云服务对外提供的资源状态变更接口'"
