"
### 操作与维护-用户指南-中兴云操作指南-参考-云产品资源类型登记
| 云产品名称 | 资源类型编码 | 资源类型名称 |
|---|---|---|
| '弹性云服务器ECS' | 'virtual_machine' | '虚拟机' |
| '云硬盘EVS' | 'volume' | '云硬盘' |
| '裸金属服务器BMS' | 'bare_metal' | '裸机' |
| '虚拟私有云VPC' | 'vpc' | '虚拟私有云' |
| '云专线' | 'direct-connect' | '云专线' |
| 'NAT网关' | 'router-interface;router-gateway' | '私有网关;默认网关' |
| '对等连接' | 'vpc-connection' | '对等连接' |
| '弹性IP' | 'floatingip' | '浮动IP' |
| '防火墙V1' | 'firewall' | '防火墙V1' |
| '防火墙V2' | 'firewall-v2' | '防火墙V2' |
| '负载均衡' | 'loadbalance' | '负载均衡' |
| '安全组' | 'security-group' | '安全组' |
| 'VPN' | 'vpn-connection' | '虚拟专用网络' |
| '技术服务' | 'Entity' | '实体' |
| '证书管理' | 'key-manager' | '证书管理' |
| '网站应用防火墙' | 'waf' | '网站应用防火墙' |
| '堡垒机' | 'somm' | '堡垒机' |
| '漏洞扫描' | 'nvs' | '漏洞扫描' |
| '数据库安全审计' | 'dsa' | '数据库安全审计' |
| '日志审计' | 'issa' | '日志审计' |
"," 操作与维护-用户指南-中兴云操作指南-参考-云产品资源类型登记:
云产品名称:'弹性云服务器ECS'; 资源类型编码:'virtual_machine'; 资源类型名称:'虚拟机'
云产品名称:'云硬盘EVS'; 资源类型编码:'volume'; 资源类型名称:'云硬盘'
云产品名称:'裸金属服务器BMS'; 资源类型编码:'bare_metal'; 资源类型名称:'裸机'
云产品名称:'虚拟私有云VPC'; 资源类型编码:'vpc'; 资源类型名称:'虚拟私有云'"," 操作与维护-用户指南-中兴云操作指南-参考-云产品资源类型登记:
云产品名称:'云专线'; 资源类型编码:'direct-connect'; 资源类型名称:'云专线'
云产品名称:'NAT网关'; 资源类型编码:'router-interface;router-gateway'; 资源类型名称:'私有网关;默认网关'
云产品名称:'对等连接'; 资源类型编码:'vpc-connection'; 资源类型名称:'对等连接'"," 操作与维护-用户指南-中兴云操作指南-参考-云产品资源类型登记:
云产品名称:'弹性IP'; 资源类型编码:'floatingip'; 资源类型名称:'浮动IP'
云产品名称:'防火墙V1'; 资源类型编码:'firewall'; 资源类型名称:'防火墙V1'
云产品名称:'防火墙V2'; 资源类型编码:'firewall-v2'; 资源类型名称:'防火墙V2'
云产品名称:'负载均衡'; 资源类型编码:'loadbalance'; 资源类型名称:'负载均衡'"," 操作与维护-用户指南-中兴云操作指南-参考-云产品资源类型登记:
云产品名称:'安全组'; 资源类型编码:'security-group'; 资源类型名称:'安全组'
云产品名称:'VPN'; 资源类型编码:'vpn-connection'; 资源类型名称:'虚拟专用网络'
云产品名称:'技术服务'; 资源类型编码:'Entity'; 资源类型名称:'实体'
云产品名称:'证书管理'; 资源类型编码:'key-manager'; 资源类型名称:'证书管理'","操作与维护-用户指南-中兴云操作指南-参考-云产品资源类型登记:
云产品名称:'网站应用防火墙'; 资源类型编码:'waf'; 资源类型名称:'网站应用防火墙'
云产品名称:'堡垒机'; 资源类型编码:'somm'; 资源类型名称:'堡垒机'
云产品名称:'漏洞扫描'; 资源类型编码:'nvs'; 资源类型名称:'漏洞扫描'
云产品名称:'数据库安全审计'; 资源类型编码:'dsa'; 资源类型名称:'数据库安全审计'
云产品名称:'日志审计'; 资源类型编码:'issa'; 资源类型名称:'日志审计'"
