"操作与维护-用户指南-中兴云操作指南-订购云产品资源-订购负载均衡-摘要
介绍如何订购和配置负载均衡。

操作与维护-用户指南-中兴云操作指南-订购云产品资源-订购负载均衡-步骤:
使用组织管理员或端用户登录TECS Director运营门户，单击控制台，打开控制台页面，如图1所示。
图1  控制台页面
在控制台单击负载均衡，打开该产品的展示页面，如图2所示。
图2  负载均衡
单击立即购买，打开订购页面，如图3所示。
图3  订购负载均衡
填写参数，参数说明参见下表。
操作与维护-用户指南-中兴云操作指南-订购云产品资源-订购负载均衡-步骤
### 表1  参数填写说明
| 参数 | 说明 |
|---|---|
| '名称' | '自定义，输入负载均衡的名称' |
| 'VDC' | '选择租户信息' |
| '云环境' | '选择云环境信息' |
| '私有网络' | '选择子网信息' |
| 'VIP' | '输入负载均衡vip，通过vip统一对外提供服务' |
| '提供者' | '选择负载均衡厂家' |

单击确认申请按钮，审批完成后，在负载均衡页面可以看到订购的产品。
图4  完成订购
在负载均衡页面，单击刚才订购的负载均衡名称，打开监听器页面，如图5所示。
图5  监听器
单击添加监听器按钮，打开添加监听器页面，如图6所示。
图6  添加监听器
填写参数，参数说明参见下表。
操作与维护-用户指南-中兴云操作指南-订购云产品资源-订购负载均衡-步骤
### 表2  参数说明
| 参数 | 说明 |
|---|---|
| '名称' | '自定义监听器名称' |
| '描述' | '自定义监听器描述信息' |
| '协议类型' | '当前支持4种监听协议：TCP/UDP/HTTP/HTTPS，其中TCP/UDP为L4监听器，HTTP/HTTPS为L7监听器' |
| '协议端口' | '自定义协议端口，用来接收请求并向后端服务器转发请求的端口，监听器端口不可重复' |
| '最大连接数' | '自定义' |
| '管理状态' | '勾选，管理状态为false时，server端正常创建 ，但是agent端不落地。' |
| 'Key' | 'HTTPS监听器支持，需在“证书管理”中创建，创建步骤见章节3' |
| '获取客户端IP' | '当协议类型为TCP/UDP时支持' |

单击创建按钮，完成监听器的添加。
在监听器页面，单击刚才创建的监听器名称，打开监听器详情页面，如图7所示。
图7  监听器详情页面
单击添加资源池，弹出添加资源池对话框，如图8所示。
图8  添加资源池","操作与维护-用户指南-中兴云操作指南-订购云产品资源-订购负载均衡-摘要
介绍如何订购和配置负载均衡。

操作与维护-用户指南-中兴云操作指南-订购云产品资源-订购负载均衡-步骤:
使用组织管理员或端用户登录TECS Director运营门户，单击控制台，打开控制台页面，如图1所示。
图1  控制台页面
在控制台单击负载均衡，打开该产品的展示页面，如图2所示。
图2  负载均衡
单击立即购买，打开订购页面，如图3所示。
图3  订购负载均衡填写参数，参数说明参见下表。","操作与维护-用户指南-中兴云操作指南-订购云产品资源-订购负载均衡-步骤:
操作与维护-用户指南-中兴云操作指南-订购云产品资源-订购负载均衡-步骤-表1  参数填写说明:
参数:'名称'; 说明:'自定义，输入负载均衡的名称'
参数:'VDC'; 说明:'选择租户信息'
参数:'云环境'; 说明:'选择云环境信息'
参数:'私有网络'; 说明:'选择子网信息'
参数:'VIP'; 说明:'输入负载均衡vip，通过vip统一对外提供服务'
参数:'提供者'; 说明:'选择负载均衡厂家'单击确认申请按钮，审批完成后，在负载均衡页面可以看到订购的产品","操作与维护-用户指南-中兴云操作指南-订购云产品资源-订购负载均衡-步骤:
图4  完成订购
在负载均衡页面，单击刚才订购的负载均衡名称，打开监听器页面，如图5所示。
图5  监听器
单击添加监听器按钮，打开添加监听器页面，如图6所示。
图6  添加监听器填写参数，参数说明参见下表。 操作与维护-用户指南-中兴云操作指南-订购云产品资源-订购负载均衡-步骤-表2  参数说明:
参数:'名称'; 说明:'自定义监听器名称'
参数:'描述'; 说明:'自定义监听器描述信息'","操作与维护-用户指南-中兴云操作指南-订购云产品资源-订购负载均衡-步骤:
 操作与维护-用户指南-中兴云操作指南-订购云产品资源-订购负载均衡-步骤-表2  参数说明:
参数:'协议类型'; 说明:'当前支持4种监听协议：TCP/UDP/HTTP/HTTPS，其中TCP/UDP为L4监听器，HTTP/HTTPS为L7监听器'
参数:'协议端口'; 说明:'自定义协议端口，用来接收请求并向后端服务器转发请求的端口，监听器端口不可重复'
参数:'最大连接数'; 说明:'自定义'","操作与维护-用户指南-中兴云操作指南-订购云产品资源-订购负载均衡-步骤:
操作与维护-用户指南-中兴云操作指南-订购云产品资源-订购负载均衡-步骤-表2  参数说明:
参数:'管理状态'; 说明:'勾选，管理状态为false时，server端正常创建 ，但是agent端不落地。'
参数:'Key'; 说明:'HTTPS监听器支持，需在“证书管理”中创建，创建步骤见章节3'
参数:'获取客户端IP'; 说明:'当协议类型为TCP/UDP时支持'
单击创建按钮，完成监听器的添加。在监听器页面，单击刚才创建的监听器名称，打开监听器详情页面，如图7所示","操作与维护-用户指南-中兴云操作指南-订购云产品资源-订购负载均衡-步骤:
图7  监听器详情页面
单击添加资源池，弹出添加资源池对话框，如图8所示。
图8  添加资源池"
"操作与维护-用户指南-中兴云操作指南-订购云产品资源-订购负载均衡-步骤:
填写参数，参数说明参见下表。
操作与维护-用户指南-中兴云操作指南-订购云产品资源-订购负载均衡-步骤
### 表3  参数说明
| 参数 | 说明 |
|---|---|
| '名称' | '自定义' |
| '算法' | '支持以下4种：:ROUND_ROBIN：轮转算法，依次将访问请求分发到不同的后端服务器上，使得各个后端服务器平均分担用户的连接请求。;如：后端服务器资源池中包含三个成员A、B、C，假设各实服务均未达到连接上限，最后分发给A、B、C的连接数之比为1：1：1。;适用场景：后端服务器资源池中各成员性能相当，无优劣之分。;SOURCE_IP：源IP哈希算法，通过一个散列（Hash）函数将来自同一个源IP的请求映射到一台后端服务器上。;适用场景：需要保证来自同一个用户的请求分发到同一个后端服务器。;LEAST_CONNECTIONS：最小连接数算法，负载均衡根据当前各后端服务器连接数来估计后端服务器的负载情况，把新的连接分配给连接数最小的后端服务器或链路。;该算法能把负载差异较大的请求平滑分发到各个后端服务器上。;适用场景：后端服务器资源池中各服务器性能，无优劣之分，不同用户发起的连接保存时长差异较大。;SOURCE_IP_PORT：源IP源Port哈希算法，通过一个散列（Hash）函数将来自同一个源IP和源Port的请求映射到一台后端服务器上。;适用场景：需要保证来自同一个用户且源端口相同的的请求分发到同一个后端服务器。' |
| '会话保持类型' | '一次业务交互可能包括多个TCP连接，如FTP应用包含一个控制通道和多个数据通道，如HTTP网络购物，多条连接组成一次业务应用，且多个连接并不像FTP应用一样有“父子”之分，但所有该业务的请求应发给同一服务器，否则可能造成无法完成所请求的功能，;因为其数据报文中携带隐含关联信息，如Cookie。将属于同一个应用层会话的多个连接定向到同一服务器的功能，就是会话保持。根据会话保持类型，建立会话保持表项，保证后续业务报文都送往同一个服务器处理。;会话保持类型支持以下3种：:HTTP_COOKIE：基于负载均衡生成cookie的会话保持，仅用于L7负载均衡应用。后端服务器的应答报文中不携带含有服务器信息的Set-Cookie字段，负载均衡设备会在报文中添加含有服务器信息的Set-Cookie字段。这样，客户端就会在请求报文中携带含有该服务器信息的Cookie字段，负载均衡设备按照Cookie字段中的服务器信息将请求报文发给相应的实服务。;APP_COOKIE：基于应用cookie的会话保持，仅用于L7负载均衡应用。后端服务器的应答报文中携带Set-Cookie字段，负载均衡设备根据用户配置的Cookie标识截取应答报文中的Cookie值。;对于后续客户端的请求报文，如果匹配保存的Cookie值，则直接将请求报文发给相应的实服务。;SOURCE_IP：基于源IP的会话保持，仅用于L4负载均衡应用，可以确保同一个客户端的业务能分配到同一个后端服务器。;负载均衡设备接收到某一客户端的某一业务的首次请求时，建立会话保持表项，记录为该客户分配的后端服务器情况，在会话保持表项生存周期内，后续相同源IP地址的业务报文都将发往该后端服务器处理。' |
| '会话名称' | '会话保持类型为APP_COOKIE时填写，与后端服务应用生成的cookie匹配。' |
| '模式' | '支持以下2种：:NAT：网络地址转换模式，客户端请求报文的IP地址会被做NAT修改后再发送给后端服务器，后端服务器的应答报文需要回到负载均衡器上处理。;DR：直接路由模式，客户端请求报文的IP地址不会被做NAT修改，而是直接发送给后端服务器，后端服务器的应答报文不再经过负载均衡器处理。;注：L4监听器使用DR模式，成员服务器中需要将回环地址配置为负载均衡的VIP。' |

单击确认按钮，完成资源池创建。
切换至L7转发策略页签，如图9所示。
图9  L7转发策略
单击添加L7转发策略按钮，打开添加L7转发策略页面，如图10所示。
图10  添加L7转发策略
填写参数，参数说明参见下表。
操作与维护-用户指南-中兴云操作指南-订购云产品资源-订购负载均衡-步骤
### 表4  参数说明
| 参数 | 说明 |
|---|---|
| '名称' | '自定义' |
| '描述' | '自定义' |
| '动作' | '支持以下3种;REDIRECT_TO_POOL：重定向到指定pool;REDIRECT_TO_URL：重定向到指定url;REJECT：拒绝' |
| '位置' | '-' |
| '管理状态' | '勾选' |

单击确认按钮，完成添加L7转发策略。","操作与维护-用户指南-中兴云操作指南-订购云产品资源-订购负载均衡-步骤:
填写参数，参数说明参见下表。 操作与维护-用户指南-中兴云操作指南-订购云产品资源-订购负载均衡-步骤-表3  参数说明:
参数:'名称'; 说明:'自定义'
参数:'算法'; 说明:'支持以下4种：:ROUND_ROBIN：轮转算法，依次将访问请求分发到不同的后端服务器上，使得各个后端服务器平均分担用户的连接请求。;如：后端服务器资源池中包含三个成员A、B、C，假设各实服务均未达到连接上限，最后分发给A、B、C的连接数之比为1：1：1。;适用场景：后端服务器资源池中各成员性能相当，无优劣之分。;SOURCE_IP：源IP哈希算法，通过一个散列（Hash）函数将来自同一个源IP的请求映射到一台后端服务器上。;适用场景：需要保证来自同一个用户的请求分发到同一个后端服务器。;LEAST_CONNECTIONS：最小连接数算法，负载均衡根据当前各后端服务器连接数来估计后端服务器的负载情况，把新的连接分配给连接数最小的后端服务器或链路。;该算法能把负载差异较大的请求平滑分发到各个后端服务器上。;适用场景：后端服务器资源池中各服务器性能，无优劣之分，不同用户发起的连接保存时长差异较大。;SOURCE_IP_PORT：源IP源Port哈希算法，通过一个散列（Hash）函数将来自同一个源IP和源Port的请求映射到一台后端服务器上。;适用场景：需要保证来自同一个用户且源端口相同的的请求分发到同一个后端服务器。'","操作与维护-用户指南-中兴云操作指南-订购云产品资源-订购负载均衡-步骤:
 操作与维护-用户指南-中兴云操作指南-订购云产品资源-订购负载均衡-步骤-表3  参数说明:
参数:'会话保持类型'; 说明:'一次业务交互可能包括多个TCP连接，如FTP应用包含一个控制通道和多个数据通道，如HTTP网络购物，多条连接组成一次业务应用，且多个连接并不像FTP应用一样有“父子”之分，但所有该业务的请求应发给同一服务器，否则可能造成无法完成所请求的功能，;因为其数据报文中携带隐含关联信息，如Cookie。将属于同一个应用层会话的多个连接定向到同一服务器的功能，就是会话保持。根据会话保持类型，建立会话保持表项，保证后续业务报文都送往同一个服务器处理。;会话保持类型支持以下3种：:HTTP_COOKIE：基于负载均衡生成cookie的会话保持，仅用于L7负载均衡应用。后端服务器的应答报文中不携带含有服务器信息的Set-Cookie字段，负载均衡设备会在报文中添加含有服务器信息的Set-Cookie字段。这样，客户端就会在请求报文中携带含有该服务器信息的Cookie字段，负载均衡设备按照Cookie字段中的服务器信息将请求报文发给相应的实服务。;APP_COOKIE：基于应用cookie的会话保持，仅用于L7负载均衡应用。后端服务器的应答报文中携带Set-Cookie字段，负载均衡设备根据用户配置的Cookie标识截取应答报文中的Cookie值。;对于后续客户端的请求报文，如果匹配保存的Cookie值，则直接将请求报文发给相应的实服务。;SOURCE_IP：基于源IP的会话保持，仅用于L4负载均衡应用，可以确保同一个客户端的业务能分配到同一个后端服务器。;负载均衡设备接收到某一客户端的某一业务的首次请求时，建立会话保持表项，记录为该客户分配的后端服务器情况，在会话保持表项生存周期内，后续相同源IP地址的业务报文都将发往该后端服务器处理。'","操作与维护-用户指南-中兴云操作指南-订购云产品资源-订购负载均衡-步骤:
 操作与维护-用户指南-中兴云操作指南-订购云产品资源-订购负载均衡-步骤-表3  参数说明:
参数:'会话名称'; 说明:'会话保持类型为APP_COOKIE时填写，与后端服务应用生成的cookie匹配。'
参数:'模式'; 说明:'支持以下2种：:NAT：网络地址转换模式，客户端请求报文的IP地址会被做NAT修改后再发送给后端服务器，后端服务器的应答报文需要回到负载均衡器上处理。;DR：直接路由模式，客户端请求报文的IP地址不会被做NAT修改，而是直接发送给后端服务器，后端服务器的应答报文不再经过负载均衡器处理。;注：L4监听器使用DR模式，成员服务器中需要将回环地址配置为负载均衡的VIP。'","操作与维护-用户指南-中兴云操作指南-订购云产品资源-订购负载均衡-步骤:
单击确认按钮，完成资源池创建。
切换至L7转发策略页签，如图9所示。
图9  L7转发策略
单击添加L7转发策略按钮，打开添加L7转发策略页面，如图10所示。
图10  添加L7转发策略填写参数，参数说明参见下表。 操作与维护-用户指南-中兴云操作指南-订购云产品资源-订购负载均衡-步骤-表4  参数说明:
参数:'名称'; 说明:'自定义'
参数:'描述'; 说明:'自定义'","操作与维护-用户指南-中兴云操作指南-订购云产品资源-订购负载均衡-步骤:
操作与维护-用户指南-中兴云操作指南-订购云产品资源-订购负载均衡-步骤-表4  参数说明:
参数:'动作'; 说明:'支持以下3种;REDIRECT_TO_POOL：重定向到指定pool;REDIRECT_TO_URL：重定向到指定url;REJECT：拒绝'
参数:'位置'; 说明:'-'
参数:'管理状态'; 说明:'勾选'
单击确认按钮，完成添加L7转发策略。"
"操作与维护-用户指南-中兴云操作指南-订购云产品资源-订购负载均衡-步骤
单击刚才添加的L7转发策略名称，打开L7 Policy页面，如图11所示。
图11  L7 Policy
单击添加规则按钮，打开添加规则页面，如图12所示。
图12  添加规则
填写参数，参数说明参见下表。
操作与维护-用户指南-中兴云操作指南-订购云产品资源-订购负载均衡-步骤
### 表5  参数说明
| 参数 | 说明 |
|---|---|
| 'Compare_type' | '支持以下5种，按字面意义理解（当前版本仅支持STARTS_WITH）：;CONTAINS;ENDS_WITH;EQUAI_TO;REGEX;STARTS_WITH' |
| '类型' | '包括以下5种（当前版本仅支持1种）：;COOKIE：对http请求中的特定Cookie进行匹配;FILE_TYPE：对http请求中的特定文件类型进行匹配;HEADER：对http请求中的特定header field进行匹配;HOST_NAME：对http请求中url的特定主机名进行匹配;PATH：对http请求中url的path信息进行匹配' |
| 'Value' | '填写根据类型需要匹配的值' |
| 'Key' | '仅当类型为 header和 cookie时，需要指定 header或 cookie的name，具体内容与http请求里面的该字段类型匹配' |
| 'Invert' | '逻辑取反（当前版本不支持）' |
| '管理状态' | '勾选' |

单击确认按钮，完成添加规则。
回到监听器详情页面，单击添加成员按钮，打开添加成员页面，如图13所示。
图13  添加成员
填写参数，参数说明参见下表。
操作与维护-用户指南-中兴云操作指南-订购云产品资源-订购负载均衡-步骤
### 表6  参数说明
| 参数 | 说明 |
|---|---|
| '成员来源' | '支持以下2种类型：;指定成员的IP地址;从可用实例选择' |
| '子网名称/实例名称' | '选择对应的子网或者云主机实例' |
| '成员地址' | '选择实例的对外提供服务的IP地址' |
| '协议端口' | '填写实例的对外提供服务的端口' |
| '权重' | '0~256，值越大权重越高，被调度频率越高' |

单击确认按钮，完成添加成员。
回到监听器详情页面，切换至监控页签，如图14所示。
图14  监控页签
单击添加监控按钮，弹出添加监控对话框，如图15所示。
图15  添加监控
填写参数，参数说明参见下表。
操作与维护-用户指南-中兴云操作指南-订购云产品资源-订购负载均衡-步骤
### 表7  参数说明
| 参数 | 说明 |
|---|---|
| '类型' | '支持以下5种类型：;PING/TCP/UDP/HTTP/HTTPS' |
| '超时' | '如果后端云服务器在超时时间内没有正确响应，则判定为健康检查异常。' |
| '延迟' | '负载均衡进行健康检查的时间间隔。' |
| '重试次数' | '如果连续 n 次（n 为填写的数值）收到的健康检查结果为成功，则识别为健康，控制台显示为健康。' |
| 'ERROR重试次数' | '如果连续 n 次（n 为填写的数值）收到的健康检查结果失败，则识别为不健康，控制台显示为异常。' |

单击确认按钮，完成添加监控。","操作与维护-用户指南-中兴云操作指南-订购云产品资源-订购负载均衡-步骤:
单击刚才添加的L7转发策略名称，打开L7 Policy页面，如图11所示。
图11  L7 Policy
单击添加规则按钮，打开添加规则页面，如图12所示。
图12  添加规则填写参数，参数说明参见下表。 操作与维护-用户指南-中兴云操作指南-订购云产品资源-订购负载均衡-步骤-表5  参数说明:
参数:'Compare_type'; 说明:'支持以下5种，按字面意义理解（当前版本仅支持STARTS_WITH）：;CONTAINS;ENDS_WITH;EQUAI_TO;REGEX;STARTS_WITH'","操作与维护-用户指南-中兴云操作指南-订购云产品资源-订购负载均衡-步骤:
 操作与维护-用户指南-中兴云操作指南-订购云产品资源-订购负载均衡-步骤-表5  参数说明:
参数:'类型'; 说明:'包括以下5种（当前版本仅支持1种）：;COOKIE：对http请求中的特定Cookie进行匹配;FILE_TYPE：对http请求中的特定文件类型进行匹配;HEADER：对http请求中的特定header field进行匹配;HOST_NAME：对http请求中url的特定主机名进行匹配;PATH：对http请求中url的path信息进行匹配'","操作与维护-用户指南-中兴云操作指南-订购云产品资源-订购负载均衡-步骤:
操作与维护-用户指南-中兴云操作指南-订购云产品资源-订购负载均衡-步骤-表5  参数说明:
参数:'Value'; 说明:'填写根据类型需要匹配的值'
参数:'Key'; 说明:'仅当类型为 header和 cookie时，需要指定 header或 cookie的name，具体内容与http请求里面的该字段类型匹配'
参数:'Invert'; 说明:'逻辑取反（当前版本不支持）'
参数:'管理状态'; 说明:'勾选'单击确认按钮，完成添加规则","操作与维护-用户指南-中兴云操作指南-订购云产品资源-订购负载均衡-步骤:
回到监听器详情页面，单击添加成员按钮，打开添加成员页面，如图13所示。
图13  添加成员填写参数，参数说明参见下表。 操作与维护-用户指南-中兴云操作指南-订购云产品资源-订购负载均衡-步骤-表6  参数说明:
参数:'成员来源'; 说明:'支持以下2种类型：;指定成员的IP地址;从可用实例选择'
参数:'子网名称/实例名称'; 说明:'选择对应的子网或者云主机实例'
参数:'成员地址'; 说明:'选择实例的对外提供服务的IP地址'","操作与维护-用户指南-中兴云操作指南-订购云产品资源-订购负载均衡-步骤:
操作与维护-用户指南-中兴云操作指南-订购云产品资源-订购负载均衡-步骤-表6  参数说明:
参数:'协议端口'; 说明:'填写实例的对外提供服务的端口'
参数:'权重'; 说明:'0~256，值越大权重越高，被调度频率越高'
单击确认按钮，完成添加成员。
回到监听器详情页面，切换至监控页签，如图14所示。
图14  监控页签
单击添加监控按钮，弹出添加监控对话框，如图15所示。
图15  添加监控填写参数，参数说明参见下表。","操作与维护-用户指南-中兴云操作指南-订购云产品资源-订购负载均衡-步骤:
 操作与维护-用户指南-中兴云操作指南-订购云产品资源-订购负载均衡-步骤-表7  参数说明:
参数:'类型'; 说明:'支持以下5种类型：;PING/TCP/UDP/HTTP/HTTPS'
参数:'超时'; 说明:'如果后端云服务器在超时时间内没有正确响应，则判定为健康检查异常。'
参数:'延迟'; 说明:'负载均衡进行健康检查的时间间隔。'","操作与维护-用户指南-中兴云操作指南-订购云产品资源-订购负载均衡-步骤:
操作与维护-用户指南-中兴云操作指南-订购云产品资源-订购负载均衡-步骤-表7  参数说明:
参数:'重试次数'; 说明:'如果连续 n 次（n 为填写的数值）收到的健康检查结果为成功，则识别为健康，控制台显示为健康。'
参数:'ERROR重试次数'; 说明:'如果连续 n 次（n 为填写的数值）收到的健康检查结果失败，则识别为不健康，控制台显示为异常。'
单击确认按钮，完成添加监控。"
