"操作与维护-用户指南-中兴云操作指南-管理财务单元资源-摘要
介绍如何管理财务单元资源。
操作与维护-用户指南-中兴云操作指南-管理财务单元资源-前提
已登录组织管理员角色的用户。
操作与维护-用户指南-中兴云操作指南-管理财务单元资源-步骤
打开中兴云运营门户，单击顶部菜单栏的  按钮，选择运营→费用→分账管理，打开财务单元页面，如图1所示。
图1  财务单元页面
操作与维护-用户指南-中兴云操作指南-管理财务单元资源-步骤
### 根据要执行的任务，执行相应操作。
| 如果... | 那么... |
|---|---|
| '手动分配资源到财务单元' | '单击所有资源，切换至资源查询页面。;找到要分配的资源，单击操作列的分配，或勾选要分配的资源，单击列表左上方的分配按钮，弹出分配对话框。;选择一个财务单元，单击确定按钮。' |
| '转移资源到另一个财务单元' | '单击财务单元名称，并切换至资源页签。;找到要转移的资源，单击操作列的转移单元，或勾选要转移的资源，单击列表左上方的转移单元按钮，弹出转移单元对话框。;选择一个财务单元，单击确定按钮。' |
| '移除资源' | '单击财务单元名称，并切换至资源页签。;找到要转移的资源，单击操作列的移除，或勾选要移除的资源，单击列表左上方的移除按钮，弹出移除对话框。;单击确定按钮。' |
","操作与维护-用户指南-中兴云操作指南-管理财务单元资源-摘要
介绍如何管理财务单元资源。
操作与维护-用户指南-中兴云操作指南-管理财务单元资源-前提
已登录组织管理员角色的用户。

操作与维护-用户指南-中兴云操作指南-管理财务单元资源-步骤:
打开中兴云运营门户，单击顶部菜单栏的  按钮，选择运营→费用→分账管理，打开财务单元页面，如图1所示。
图1  财务单元页面 操作与维护-用户指南-中兴云操作指南-管理财务单元资源-步骤-根据要执行的任务，执行相应操作。:
如果...:'手动分配资源到财务单元'; 那么...:'单击所有资源，切换至资源查询页面。;找到要分配的资源，单击操作列的分配，或勾选要分配的资源，单击列表左上方的分配按钮，弹出分配对话框。;选择一个财务单元，单击确定按钮。'"," 操作与维护-用户指南-中兴云操作指南-管理财务单元资源-步骤-根据要执行的任务，执行相应操作。:
如果...:'转移资源到另一个财务单元'; 那么...:'单击财务单元名称，并切换至资源页签。;找到要转移的资源，单击操作列的转移单元，或勾选要转移的资源，单击列表左上方的转移单元按钮，弹出转移单元对话框。;选择一个财务单元，单击确定按钮。'
如果...:'移除资源'; 那么...:'单击财务单元名称，并切换至资源页签。;找到要转移的资源，单击操作列的移除，或勾选要移除的资源，单击列表左上方的移除按钮，弹出移除对话框。;单击确定按钮。'"
