"操作与维护-用户指南-中兴云操作指南-创建VDC-摘要
VDC(Virtual Data Center, 虚拟数据中心)（Virtual Data Centers）是一组虚拟资源的容器，是IaaS(Infrastructure as a Service, 基础设施即服务)云向租户（组织）提供资源的基本单位。
本节描述如何创建VDC(Virtual Data Center, 虚拟数据中心)。
操作与维护-用户指南-中兴云操作指南-创建VDC-前提
使用领域管理员账户登录TECS Director。
操作与维护-用户指南-中兴云操作指南-创建VDC-相关信息-VDC(Virtual Data Center, 虚拟数据中心)具备以下特征：
VDC(Virtual Data Center, 虚拟数据中心)是独立的实体，具备自身的IP(Internet Protocol, 因特网协议)地址、自身的通信网络、甚至有自身的管理系统等。
1个物理DC(Data Center, 数据中心)可以被多个VDC(Virtual Data Center, 虚拟数据中心)共享。
1个VDC(Virtual Data Center, 虚拟数据中心)可以跨多个物理DC(Data Center, 数据中心)。
VDC(Virtual Data Center, 虚拟数据中心)包含资源和服务两方面内容。
VDC(Virtual Data Center, 虚拟数据中心)能提供端到端的业务。
操作与维护-用户指南-中兴云操作指南-创建VDC-步骤
单击TECS Director顶部菜单栏中的按钮，选择运营→租户资源管理→VDC，打开VDC页面，如图1所示。
图1  VDC页面
单击+创建VDC按钮，打开创建VDC页面，在基本信息选项卡页面中，填写配置参数，如图2所示。
图2  创建VDC-基本信息
单击下一步按钮，进入选择云环境选项卡，为VDC(Virtual Data Center, 虚拟数据中心)选择云环境，如图3所示。
图3  创建VDC-选择云环境
单击下一步按钮，进入资源配置选项卡页面，依次配置云环境下的配额、计算资源、存储资源、网络资源和项目名称参数，如图4所示。
图4  创建VDC-资源配置
操作与维护-用户指南-中兴云操作指南-创建VDC-步骤-说明：
其中，网络资源中可添加的物理网络为云环境侧已配置的物理网络。
单击项目名称设置下的开关，选择云环境上已有租户，可以将已有的项目纳管进来，如图5所示。
图5  设置项目名称
操作与维护-用户指南-中兴云操作指南-创建VDC-步骤-说明：
使用已建租户创建VDC(Virtual Data Center, 虚拟数据中心)，设置修改的配额会同步更改到对应租户上。
单击下一步按钮，进入检查确认选项卡页面，检查创建VDC(Virtual Data Center, 虚拟数据中心)的参数是否正确。
单击创建按钮，完成VDC(Virtual Data Center, 虚拟数据中心)的创建。
操作与维护-用户指南-中兴云操作指南-创建VDC-相关任务
### VDC(Virtual Data Center, 虚拟数据中心)创建完成后，在VDC页面可对其执行如下操作：
| 如果… | 那么… |
|---|---|
| '查看;VDC(Virtual Data Center, 虚拟数据中心);详情' | '在VDC列表中单击VDC(Virtual Data Center, 虚拟数据中心)名称，打开VDC(Virtual Data Center, 虚拟数据中心)详情页面。可以查看基本信息和资源配置信息。;在配额和资源信息区域框中单击调整配额按钮，可修改该VDC(Virtual Data Center, 虚拟数据中心)的资源及配额信息。' |
| '删除;VDC(Virtual Data Center, 虚拟数据中心)' | '在VDC列表中单击操作列中的删除按钮，打开确认提示框。;单击确认按钮。' |
| '绑定项目' | '选择未绑定项目的VDC，在VDC列表中单击操作列中的绑定&解绑项目按钮，打开绑定&解绑项目页面。;单击绑定按钮，选择项目上已有的租户，对云环境上已有租户进行绑定。' |
| '解绑项目' | '选择已有绑定项目的VDC，在VDC列表中单击操作列中的绑定&解绑项目按钮，打开绑定&解绑项目页面。;单击解绑对现在绑定租户解绑。' |
","操作与维护-用户指南-中兴云操作指南-创建VDC-摘要
VDC(Virtual Data Center, 虚拟数据中心)（Virtual Data Centers）是一组虚拟资源的容器，是IaaS(Infrastructure as a Service, 基础设施即服务)云向租户（组织）提供资源的基本单位。
本节描述如何创建VDC(Virtual Data Center, 虚拟数据中心)。
操作与维护-用户指南-中兴云操作指南-创建VDC-前提
使用领域管理员账户登录TECS Director。



操作与维护-用户指南-中兴云操作指南-创建VDC-相关信息-VDC(Virtual Data Center, 虚拟数据中心)具备以下特征：:
VDC(Virtual Data Center, 虚拟数据中心)是独立的实体，具备自身的IP(Internet Protocol, 因特网协议)地址、自身的通信网络、甚至有自身的管理系统等","操作与维护-用户指南-中兴云操作指南-创建VDC-相关信息-VDC(Virtual Data Center, 虚拟数据中心)具备以下特征：:
1个物理DC(Data Center, 数据中心)可以被多个VDC(Virtual Data Center, 虚拟数据中心)共享。
1个VDC(Virtual Data Center, 虚拟数据中心)可以跨多个物理DC(Data Center, 数据中心)。
VDC(Virtual Data Center, 虚拟数据中心)包含资源和服务两方面内容。VDC(Virtual Data Center, 虚拟数据中心)能提供端到端的业务","操作与维护-用户指南-中兴云操作指南-创建VDC-步骤:
单击TECS Director顶部菜单栏中的按钮，选择运营→租户资源管理→VDC，打开VDC页面，如图1所示。
图1  VDC页面
单击+创建VDC按钮，打开创建VDC页面，在基本信息选项卡页面中，填写配置参数，如图2所示。
图2  创建VDC-基本信息
单击下一步按钮，进入选择云环境选项卡，为VDC(Virtual Data Center, 虚拟数据中心)选择云环境，如图3所示。
图3  创建VDC-选择云环境单击下一步按钮，进入资源配置选项卡页面，依次配置云环境下的配额、计算资源、存储资源、网络资源和项目名称参数，如图4所示","操作与维护-用户指南-中兴云操作指南-创建VDC-步骤:
图4  创建VDC-资源配置
操作与维护-用户指南-中兴云操作指南-创建VDC-步骤-说明：
其中，网络资源中可添加的物理网络为云环境侧已配置的物理网络。
单击项目名称设置下的开关，选择云环境上已有租户，可以将已有的项目纳管进来，如图5所示。
图5  设置项目名称
操作与维护-用户指南-中兴云操作指南-创建VDC-步骤-说明：
使用已建租户创建VDC(Virtual Data Center, 虚拟数据中心)，设置修改的配额会同步更改到对应租户上。单击下一步按钮，进入检查确认选项卡页面，检查创建VDC(Virtual Data Center, 虚拟数据中心)的参数是否正确","操作与维护-用户指南-中兴云操作指南-创建VDC-步骤
单击创建按钮，完成VDC(Virtual Data Center, 虚拟数据中心)的创建。

 操作与维护-用户指南-中兴云操作指南-创建VDC-相关任务-VDC(Virtual Data Center, 虚拟数据中心)创建完成后，在VDC页面可对其执行如下操作：:
如果…:'查看;VDC(Virtual Data Center, 虚拟数据中心);详情'; 那么…:'在VDC列表中单击VDC(Virtual Data Center, 虚拟数据中心)名称，打开VDC(Virtual Data Center, 虚拟数据中心)详情页面。可以查看基本信息和资源配置信息。;在配额和资源信息区域框中单击调整配额按钮，可修改该VDC(Virtual Data Center, 虚拟数据中心)的资源及配额信息。'"," 操作与维护-用户指南-中兴云操作指南-创建VDC-相关任务-VDC(Virtual Data Center, 虚拟数据中心)创建完成后，在VDC页面可对其执行如下操作：:
如果…:'删除;VDC(Virtual Data Center, 虚拟数据中心)'; 那么…:'在VDC列表中单击操作列中的删除按钮，打开确认提示框。;单击确认按钮。'
如果…:'绑定项目'; 那么…:'选择未绑定项目的VDC，在VDC列表中单击操作列中的绑定&解绑项目按钮，打开绑定&解绑项目页面。;单击绑定按钮，选择项目上已有的租户，对云环境上已有租户进行绑定。'","操作与维护-用户指南-中兴云操作指南-创建VDC-相关任务-VDC(Virtual Data Center, 虚拟数据中心)创建完成后，在VDC页面可对其执行如下操作：:
如果…:'解绑项目'; 那么…:'选择已有绑定项目的VDC，在VDC列表中单击操作列中的绑定&解绑项目按钮，打开绑定&解绑项目页面。;单击解绑对现在绑定租户解绑。'"
