"操作与维护-安全-安全管理-配置认证方式-摘要
认证方式配置包括本地、RADIUS(Remote Authentication Dial In User Service, 远端鉴权拨号用户服务)、RADIUS(Remote Authentication Dial In User Service, 远端鉴权拨号用户服务)+本地、LDAP/LDAPS、LDAP/LDAPS+本地、4A票据、NFV票据、OTCP票据和天翼云认证，用户可根据规划进行相应的配置。
操作与维护-安全-安全管理-配置认证方式-前提
使用超级管理员账户登录TECS Director。
操作与维护-安全-安全管理-配置认证方式-相关信息
认证方式配置默认的认证方式是本地。
使用RADIUS(Remote Authentication Dial In User Service, 远端鉴权拨号用户服务)认证时，登录TECS Director所使用用户的用户名及密码是保存在RADIUS(Remote Authentication Dial In User Service, 远端鉴权拨号用户服务)服务器上的，但是服务器上需要同步创建相同用户，以便于为该用户分配TECS Director中的角色。
例如，用于登录TECS Director的用户名为test，那么需要在服务器中创建test用户，并为其分配相应角色。
使用LDAP/LDAPS认证方式，LDAP(Lightweight Directory Access Protocol, 轻量级目录访问协议)采用目录方式保存数据。LDAP(Lightweight Directory Access Protocol, 轻量级目录访问协议)认证把用户数据放在LDAP(Lightweight Directory Access Protocol, 轻量级目录访问协议)服务器上，通过LDAP(Lightweight Directory Access Protocol, 轻量级目录访问协议)服务器上的数据对用户进行认证处理。
使用LDAP/LDAPS+本地认证方式，优先使用LDAP/LDAPS认证方式，如果失败则采用本地认证方式。","操作与维护-安全-安全管理-配置认证方式-摘要
认证方式配置包括本地、RADIUS(Remote Authentication Dial In User Service, 远端鉴权拨号用户服务)、RADIUS(Remote Authentication Dial In User Service, 远端鉴权拨号用户服务)+本地、LDAP/LDAPS、LDAP/LDAPS+本地、4A票据、NFV票据、OTCP票据和天翼云认证，用户可根据规划进行相应的配置。

操作与维护-安全-安全管理-配置认证方式-前提:
使用超级管理员账户登录TECS Director","操作与维护-安全-安全管理-配置认证方式-相关信息:
认证方式配置默认的认证方式是本地。使用RADIUS(Remote Authentication Dial In User Service, 远端鉴权拨号用户服务)认证时，登录TECS Director所使用用户的用户名及密码是保存在RADIUS(Remote Authentication Dial In User Service, 远端鉴权拨号用户服务)服务器上的，但是服务器上需要同步创建相同用户，以便于为该用户分配TECS Director中的角色。例如，用于登录TECS Director的用户名为test，那么需要在服务器中创建test用户，并为其分配相应角色","操作与维护-安全-安全管理-配置认证方式-相关信息:
使用LDAP/LDAPS认证方式，LDAP(Lightweight Directory Access Protocol, 轻量级目录访问协议)采用目录方式保存数据。LDAP(Lightweight Directory Access Protocol, 轻量级目录访问协议)认证把用户数据放在LDAP(Lightweight Directory Access Protocol, 轻量级目录访问协议)服务器上，通过LDAP(Lightweight Directory Access Protocol, 轻量级目录访问协议)服务器上的数据对用户进行认证处理","操作与维护-安全-安全管理-配置认证方式-相关信息:
使用LDAP/LDAPS+本地认证方式，优先使用LDAP/LDAPS认证方式，如果失败则采用本地认证方式。"
"操作与维护-安全-安全管理-配置认证方式-步骤
单击TECS Director顶部导航菜单的按钮，选择更多→安全管理→认证方式配置，打开认证方式配置页面，如图1所示。
图1  认证方式配置页面
单击修改按钮，认证方式配置页面的参数变为可编辑状态，如图2所示。
图2  配置认证方式
操作与维护-安全-安全管理-配置认证方式-步骤
### 根据规划在认证方式下拉菜单中选择相应的认证方式，并配置相关参数。
| 如果... | 那么... |
|---|---|
| '选择;Radius;认证方式' | '参见步骤;4.;~;6.;。' |
| '选择;LDAP/LDAPS;认证方式' | '参见步骤;7.;~;9.;。' |
| '选择;LDAP/LDAPS+本地;认证方式' | '参见步骤;10.;~;12.;。' |

在认证方式下拉列表框中选择Radius，认证方式配置页面如图3所示。
图3  Radius认证方式
根据规划配置相关参数，部分参数说明参见表1。
操作与维护-安全-安全管理-配置认证方式-步骤
### 表1  Radius认证方式参数说明
| 参数 | 说明 |
|---|---|
| 'Radius服务器IP地址' | 'Radius服务器所在机器地址（例如 10.62.106.220）' |
| 'Radius服务器端口' | 'Radius服务器端口（一般是1812）' |
| 'Radius密钥' | '认证服务器的秘钥' |

单击确定按钮，完成认证方式的配置。系统右上角出现修改认证方式成功的提示框，如图4所示。
图4  修改认证方式成功
在认证方式下拉列表框中选择LDAP/LDAPS，认证方式配置页面如图5所示。
图5  认证方式配置
根据规划配置相关参数，部分参数说明参见表2。
操作与维护-安全-安全管理-配置认证方式-步骤
### 表2  LDAP/LDAPS认证方式参数说明
| 参数 | 说明 |
|---|---|
| '用户基底' | 'DC=zte,DC=intra' |
| '用户DN后缀' | '@zte.intra' |
| '用户角色' | '系统监控员' |
| '证书文件和密码' | '证书需要从;LDAP(Lightweight Directory Access Protocol, 轻量级目录访问协议);服务器获取' |

单击确定按钮，完成认证方式的配置。系统右上角出现修改认证方式成功的提示框，如图6所示。
图6  修改认证方式成功
在认证方式下拉列表框中选择LDAP/LDAPS+，认证方式配置页面如图7所示。
图7  LDAP/LDAPS+本地认证方式
根据规划配置相关参数，部分参数说明参见表3。
操作与维护-安全-安全管理-配置认证方式-步骤
### 表3  LDAP/LDAPS+本地认证方式参数说明
| 参数 | 说明 |
|---|---|
| '用户基底' | 'DC=zte,DC=intra' |
| '用户DN后缀' | '@zte.intra' |
| '用户角色' | '系统监控员' |
| '证书文件' | '证书文件需要从;LDAP(Lightweight Directory Access Protocol, 轻量级目录访问协议);服务器获取' |
| '证书密码' | '证书密码需要从;LDAP(Lightweight Directory Access Protocol, 轻量级目录访问协议);服务器获取' |

操作与维护-安全-安全管理-配置认证方式-步骤-说明：
用户基底和用户DN后缀仅供参考，现场以对接的ladp服务器参数为准。
单击确定按钮，完成认证方式的配置。系统右上角出现修改认证方式成功的提示框，如图8所示。
图8  修改认证方式成功
在认证方式下拉列表框中选择天翼云，认证方式配置页面如图9所示。
图9  天翼云认证方式
参照图9中示例配置相关参数，单击确定按钮，完成认证方式的配置。","操作与维护-安全-安全管理-配置认证方式-步骤:
单击TECS Director顶部导航菜单的按钮，选择更多→安全管理→认证方式配置，打开认证方式配置页面，如图1所示。
图1  认证方式配置页面
单击修改按钮，认证方式配置页面的参数变为可编辑状态，如图2所示。
图2  配置认证方式 操作与维护-安全-安全管理-配置认证方式-步骤-根据规划在认证方式下拉菜单中选择相应的认证方式，并配置相关参数。:
如果...:'选择;Radius;认证方式'; 那么...:'参见步骤;4.;~;6.;。'","操作与维护-安全-安全管理-配置认证方式-步骤:
操作与维护-安全-安全管理-配置认证方式-步骤-根据规划在认证方式下拉菜单中选择相应的认证方式，并配置相关参数。:
如果...:'选择;LDAP/LDAPS;认证方式'; 那么...:'参见步骤;7.;~;9.;。'
如果...:'选择;LDAP/LDAPS+本地;认证方式'; 那么...:'参见步骤;10.;~;12.;。'
在认证方式下拉列表框中选择Radius，认证方式配置页面如图3所示。
图3  Radius认证方式根据规划配置相关参数，部分参数说明参见表1","操作与维护-安全-安全管理-配置认证方式-步骤:
操作与维护-安全-安全管理-配置认证方式-步骤-表1  Radius认证方式参数说明:
参数:'Radius服务器IP地址'; 说明:'Radius服务器所在机器地址（例如 10.62.106.220）'
参数:'Radius服务器端口'; 说明:'Radius服务器端口（一般是1812）'
参数:'Radius密钥'; 说明:'认证服务器的秘钥'单击确定按钮，完成认证方式的配置。系统右上角出现修改认证方式成功的提示框，如图4所示。
图4  修改认证方式成功","操作与维护-安全-安全管理-配置认证方式-步骤:
在认证方式下拉列表框中选择LDAP/LDAPS，认证方式配置页面如图5所示。
图5  认证方式配置根据规划配置相关参数，部分参数说明参见表2。 操作与维护-安全-安全管理-配置认证方式-步骤-表2  LDAP/LDAPS认证方式参数说明:
参数:'用户基底'; 说明:'DC=zte,DC=intra'
参数:'用户DN后缀'; 说明:'@zte.intra'
参数:'用户角色'; 说明:'系统监控员'","操作与维护-安全-安全管理-配置认证方式-步骤:
操作与维护-安全-安全管理-配置认证方式-步骤-表2  LDAP/LDAPS认证方式参数说明:
参数:'证书文件和密码'; 说明:'证书需要从;LDAP(Lightweight Directory Access Protocol, 轻量级目录访问协议);服务器获取'
单击确定按钮，完成认证方式的配置。系统右上角出现修改认证方式成功的提示框，如图6所示。
图6  修改认证方式成功在认证方式下拉列表框中选择LDAP/LDAPS+，认证方式配置页面如图7所示。图7  LDAP/LDAPS+本地认证方式","操作与维护-安全-安全管理-配置认证方式-步骤:
根据规划配置相关参数，部分参数说明参见表3。 操作与维护-安全-安全管理-配置认证方式-步骤-表3  LDAP/LDAPS+本地认证方式参数说明:
参数:'用户基底'; 说明:'DC=zte,DC=intra'
参数:'用户DN后缀'; 说明:'@zte.intra'
参数:'用户角色'; 说明:'系统监控员'
参数:'证书文件'; 说明:'证书文件需要从;LDAP(Lightweight Directory Access Protocol, 轻量级目录访问协议);服务器获取'","操作与维护-安全-安全管理-配置认证方式-步骤:
操作与维护-安全-安全管理-配置认证方式-步骤-表3  LDAP/LDAPS+本地认证方式参数说明:
参数:'证书密码'; 说明:'证书密码需要从;LDAP(Lightweight Directory Access Protocol, 轻量级目录访问协议);服务器获取'
操作与维护-安全-安全管理-配置认证方式-步骤-说明：
用户基底和用户DN后缀仅供参考，现场以对接的ladp服务器参数为准。单击确定按钮，完成认证方式的配置","操作与维护-安全-安全管理-配置认证方式-步骤:
系统右上角出现修改认证方式成功的提示框，如图8所示。;

图8  修改认证方式成功
在认证方式下拉列表框中选择天翼云，认证方式配置页面如图9所示。
图9  天翼云认证方式
参照图9中示例配置相关参数，单击确定按钮，完成认证方式的配置。"
