"操作与维护-安全-安全管理-账户规则-新建账户规则-摘要
本节介绍新建账户规则的步骤。
操作与维护-安全-安全管理-账户规则-新建账户规则-前提
使用安全管理员账户登录TECS Director。
操作与维护-安全-安全管理-账户规则-新建账户规则-步骤
单击TECS Director顶部菜单栏中的按钮，选择更多→安全管理→账户规则，打开账户规则页面，如图1所示。
图1  账户规则页面
单击+新建规则按钮，打开新建账户规则页面，如图2所示。
图2  新建账户规则
根据规划设置账户规则。
单击新建按钮，完成账户规则的创建，系统右上角出现新建账户规则成功提示框，如图3所示。
图3  新建账户规则成功
操作与维护-安全-安全管理-账户规则-新建账户规则-结果
新建完成的账户规则将显示在账户规则页面的账户规则列表中。
操作与维护-安全-安全管理-账户规则-新建账户规则-相关任务
### 在账户规则页面，新建完成的账户规则支持如下操作：
| 如果... | 那么... |
|---|---|
| '快捷启用强密码检测' | '打开该账户规则;强密码;列下的;开关。' |
| '快捷禁用强密码检测' | '关闭该账户规则;强密码;列下的;开关。' |
| '快捷设置首次登录时必须修改密码' | '打开该账户规则;首次登录时必须修改密码;列下的;开关。' |
| '快捷设置首次登录时不用修改密码' | '关闭该账户规则;首次登录时必须修改密码;列下的;开关。' |
| '快捷设置锁定规则' | '单击该规则;锁定规则;列下的菜单，在出现的下拉菜单中选择永不锁定、暂时锁定或永久锁定。' |
","操作与维护-安全-安全管理-账户规则-新建账户规则-摘要
本节介绍新建账户规则的步骤。
操作与维护-安全-安全管理-账户规则-新建账户规则-前提
使用安全管理员账户登录TECS Director。

操作与维护-安全-安全管理-账户规则-新建账户规则-步骤:
单击TECS Director顶部菜单栏中的按钮，选择更多→安全管理→账户规则，打开账户规则页面，如图1所示。
图1  账户规则页面
单击+新建规则按钮，打开新建账户规则页面，如图2所示。
图2  新建账户规则
根据规划设置账户规则。单击新建按钮，完成账户规则的创建，系统右上角出现新建账户规则成功提示框，如图3所示","操作与维护-安全-安全管理-账户规则-新建账户规则-步骤
图3  新建账户规则成功
操作与维护-安全-安全管理-账户规则-新建账户规则-结果
新建完成的账户规则将显示在账户规则页面的账户规则列表中。

 操作与维护-安全-安全管理-账户规则-新建账户规则-相关任务-在账户规则页面，新建完成的账户规则支持如下操作：:
如果...:'快捷启用强密码检测'; 那么...:'打开该账户规则;强密码;列下的;开关。'
如果...:'快捷禁用强密码检测'; 那么...:'关闭该账户规则;强密码;列下的;开关。'","操作与维护-安全-安全管理-账户规则-新建账户规则-相关任务-在账户规则页面，新建完成的账户规则支持如下操作：:
如果...:'快捷设置首次登录时必须修改密码'; 那么...:'打开该账户规则;首次登录时必须修改密码;列下的;开关。'
如果...:'快捷设置首次登录时不用修改密码'; 那么...:'关闭该账户规则;首次登录时必须修改密码;列下的;开关。'
如果...:'快捷设置锁定规则'; 那么...:'单击该规则;锁定规则;列下的菜单，在出现的下拉菜单中选择永不锁定、暂时锁定或永久锁定。'"
