"操作与维护-安全-安全管理-角色管理
作为电信级云管理平台，TECS Director系统定义了提供方和使用方2大类用户角色。提供方提供资源和服务，使用方使用资源和服务。这2大类用户角色又可以详细划分为如下角色。
操作与维护-安全-安全管理-角色管理
### 表1  角色说明
| 角色类别 | 角色名称 | 角色功能 |
|---|---|---|
| '提供方' | '安全管理员' | '进行安全数据维护、调整资源所属组织,没有业务相关权限。' |
| '提供方' | '系统管理员' | '不具备维护安全信息的权限,除此之外对管理系统及被管网络有不受限制的完全访问权。' |
| '提供方' | '系统维护员' | '不具备维护安全信息及管理系统的权限,除此之外具有被管网络的所有权限。' |
| '提供方' | '系统操作员' | '可进行一般的配置修改,不能对管理系统本身进行备份恢复等维护工作,不能修改敏感的资源配置信息。' |
| '提供方' | '系统监控员' | '可对网络信息进行浏览。' |
| '提供方' | '领域管理员' | '接入数据中心的资源，构建和管理云资源池。;组织VDC(Virtual Data Center, 虚拟数据中心)生命周期管理。' |
| '提供方' | '业务经理' | '组织;VDC(Virtual Data Center, 虚拟数据中心);生命周期管理。' |
| '提供方' | '工单指派人' | '查看审计日志，查看及指派工单。' |
| '提供方' | '工单处理人' | '处理工单。' |
| '提供方' | '级联云管管理员' | '查询报表和云管级联。' |
| '使用方' | '组织管理员/子组织管理员' | '用户生命周期管理和组织资源管理监控，发布虚机。' |
| '使用方' | '端用户' | '自服务门户操作、管理。' |
","操作与维护-安全-安全管理-角色管理:
作为电信级云管理平台，TECS Director系统定义了提供方和使用方2大类用户角色。提供方提供资源和服务，使用方使用资源和服务。这2大类用户角色又可以详细划分为如下角色。 操作与维护-安全-安全管理-角色管理-表1  角色说明:
角色类别:'提供方'; 角色名称:'安全管理员'; 角色功能:'进行安全数据维护、调整资源所属组织,没有业务相关权限。'
角色类别:'提供方'; 角色名称:'系统管理员'; 角色功能:'不具备维护安全信息的权限,除此之外对管理系统及被管网络有不受限制的完全访问权。'"," 操作与维护-安全-安全管理-角色管理-表1  角色说明:
角色类别:'提供方'; 角色名称:'系统维护员'; 角色功能:'不具备维护安全信息及管理系统的权限,除此之外具有被管网络的所有权限。'
角色类别:'提供方'; 角色名称:'系统操作员'; 角色功能:'可进行一般的配置修改,不能对管理系统本身进行备份恢复等维护工作,不能修改敏感的资源配置信息。'
角色类别:'提供方'; 角色名称:'系统监控员'; 角色功能:'可对网络信息进行浏览。'"," 操作与维护-安全-安全管理-角色管理-表1  角色说明:
角色类别:'提供方'; 角色名称:'领域管理员'; 角色功能:'接入数据中心的资源，构建和管理云资源池。;组织VDC(Virtual Data Center, 虚拟数据中心)生命周期管理。'
角色类别:'提供方'; 角色名称:'业务经理'; 角色功能:'组织;VDC(Virtual Data Center, 虚拟数据中心);生命周期管理。'
角色类别:'提供方'; 角色名称:'工单指派人'; 角色功能:'查看审计日志，查看及指派工单。'","操作与维护-安全-安全管理-角色管理-表1  角色说明:
角色类别:'提供方'; 角色名称:'工单处理人'; 角色功能:'处理工单。'
角色类别:'提供方'; 角色名称:'级联云管管理员'; 角色功能:'查询报表和云管级联。'
角色类别:'使用方'; 角色名称:'组织管理员/子组织管理员'; 角色功能:'用户生命周期管理和组织资源管理监控，发布虚机。'
角色类别:'使用方'; 角色名称:'端用户'; 角色功能:'自服务门户操作、管理。'"
