"操作与维护-安全-安全管理-用户管理-查看用户权限-摘要
用户管理支持查看所有已创建用户的权限。
本节介绍查看用户权限的步骤。
操作与维护-安全-安全管理-用户管理-查看用户权限-前提
使用安全管理员账户登录TECS Director。
操作与维护-安全-安全管理-用户管理-查看用户权限-步骤
单击TECS Director顶部菜单栏的按钮，选择更多→安全管理→用户管理，打开用户管理页面。
操作与维护-安全-安全管理-用户管理-查看用户权限-步骤
### 根据规划查看用户的权限。
| 如果... | 那么... |
|---|---|
| '查看系统默认admin用户权限' | '单击admin;操作列;下的;权限;按钮。' |
| '查看安全管理员创建的用户权限' | '选择待查看用户;操作列;下的;更多→权限;。' |

打开查看用户权限对话框，其中显示了该用户具有的权限，如图1所示。
图1  查看用户权限","操作与维护-安全-安全管理-用户管理-查看用户权限-摘要
用户管理支持查看所有已创建用户的权限。
本节介绍查看用户权限的步骤。
操作与维护-安全-安全管理-用户管理-查看用户权限-前提
使用安全管理员账户登录TECS Director。

操作与维护-安全-安全管理-用户管理-查看用户权限-步骤:
单击TECS Director顶部菜单栏的按钮，选择更多→安全管理→用户管理，打开用户管理页面。 操作与维护-安全-安全管理-用户管理-查看用户权限-步骤-根据规划查看用户的权限。:
如果...:'查看系统默认admin用户权限'; 那么...:'单击admin;操作列;下的;权限;按钮。'","操作与维护-安全-安全管理-用户管理-查看用户权限-步骤:
操作与维护-安全-安全管理-用户管理-查看用户权限-步骤-根据规划查看用户的权限。:
如果...:'查看安全管理员创建的用户权限'; 那么...:'选择待查看用户;操作列;下的;更多→权限;。'
打开查看用户权限对话框，其中显示了该用户具有的权限，如图1所示。
图1  查看用户权限"
