"描述-产品描述-技术指标-系统规格
### 表1  系统规格
| 项目 | 规格 |
|---|---|
| 'TECS Director;支持的最大管理员数' | '1000' |
| 'TECS Director支持的最大用户数' | '20000' |
| 'TECS Director;支持的在线管理员数' | '1000' |
| 'TECS Director;支持的最大在线用户数' | '200' |
| 'TECS Director界面操作响应时间' | '3秒' |
| 'TECS Director可管理的数据中心个数' | '64个' |
| 'TECS Director;可管理的资源池个数' | '256个' |
| 'TECS Director;可管理的最大主机数' | '8000个' |
| 'TECS Director;可管理的单个云环境最大主机数' | '1024个' |
| 'TECS Director可管理的最大虚机数' | '80000个' |
| 'TECS Director;可管理的单个云环境最大虚机数' | '10000个' |
| 'TECS Director;可管理的最大组织数' | '256个' |
| 'TECS Director可管理的最大VDC数' | '512个' |
"," 描述-产品描述-技术指标-系统规格-表1  系统规格:
项目:'TECS Director;支持的最大管理员数'; 规格:'1000'
项目:'TECS Director支持的最大用户数'; 规格:'20000'
项目:'TECS Director;支持的在线管理员数'; 规格:'1000'
项目:'TECS Director;支持的最大在线用户数'; 规格:'200'
项目:'TECS Director界面操作响应时间'; 规格:'3秒'"," 描述-产品描述-技术指标-系统规格-表1  系统规格:
项目:'TECS Director可管理的数据中心个数'; 规格:'64个'
项目:'TECS Director;可管理的资源池个数'; 规格:'256个'
项目:'TECS Director;可管理的最大主机数'; 规格:'8000个'
项目:'TECS Director;可管理的单个云环境最大主机数'; 规格:'1024个'
项目:'TECS Director可管理的最大虚机数'; 规格:'80000个'","描述-产品描述-技术指标-系统规格-表1  系统规格:
项目:'TECS Director;可管理的单个云环境最大虚机数'; 规格:'10000个'
项目:'TECS Director;可管理的最大组织数'; 规格:'256个'
项目:'TECS Director可管理的最大VDC数'; 规格:'512个'"
