"描述-产品描述-接口
TECS Director对外提供的API(Application Program Interface, 应用程序接口)接口如图1所示。
图1  TECS DirectorAPI接口
描述-产品描述-接口
### 表1  TECS DirectorAPI接口
| 对象 | 协议 | 能力 |
|---|---|---|
| 'TECS Director<->第三方运营系统' | '-' | '第三方运营系统通过调用此接口进行服务管理、业务开通。' |
| 'TECS Director<->第三方运维系统' | 'SNMP(Simple Network Management Protocol, 简单网络管理协议)/SFTP(Secure File Transfer Protocol, 安全文件传输协议)/syslog' | '将告警数据通过SNMP协议上报給第三方运维系统。;将性能数据通过SFTP协议上报給第三方运维系统。;将日志数据通过SFTP或syslog协议上报给第三方运维系统。' |
| 'TECS Director<->第三方网管系统' | 'SNMP/SFTP/syslog' | '将告警数据通过SNMP协议上报給第三方网管系统。;将性能数据通过SFTP协议上报給第三方网管系统。;将日志数据通过SFTP或syslog协议上报给第三方网管系统。' |
","描述-产品描述-接口:
TECS Director对外提供的API(Application Program Interface, 应用程序接口)接口如图1所示。
图1  TECS DirectorAPI接口 描述-产品描述-接口-表1  TECS DirectorAPI接口:
对象:'TECS Director<->第三方运营系统'; 协议:'-'; 能力:'第三方运营系统通过调用此接口进行服务管理、业务开通。'"," 描述-产品描述-接口-表1  TECS DirectorAPI接口:
对象:'TECS Director<->第三方运维系统'; 协议:'SNMP(Simple Network Management Protocol, 简单网络管理协议)/SFTP(Secure File Transfer Protocol, 安全文件传输协议)/syslog'; 能力:'将告警数据通过SNMP协议上报給第三方运维系统。;将性能数据通过SFTP协议上报給第三方运维系统。;将日志数据通过SFTP或syslog协议上报给第三方运维系统。'","描述-产品描述-接口-表1  TECS DirectorAPI接口:
对象:'TECS Director<->第三方网管系统'; 协议:'SNMP/SFTP/syslog'; 能力:'将告警数据通过SNMP协议上报給第三方网管系统。;将性能数据通过SFTP协议上报給第三方网管系统。;将日志数据通过SFTP或syslog协议上报给第三方网管系统。'"
