"安装与调试-对接指南-参考-端口开放列表:
各系统调用TECS Director时的端口参见表1。安装与调试-对接指南-参考-端口开放列表
### 表1  TECS Director端口开放列表
| 端口 | 协议 | 归属服务 | 发布方法 | 说明 | 网络平面 |
|---|---|---|---|---|---|
| '123' | 'UDP(NTP)' | 'PaaS平台' | 'PaaS平台发布' | '对Provider提供NTP时钟同步服务（实际上就是MSB所在节点提供NtpServer）' | '北向' |
| '22' | 'TCP' | 'PaaS平台' | 'PaaS平台发布' | 'SSH' | '北向' |
| '1080' | 'HTTP（不安全）' | 'PaaS平台' | 'PaaS平台发布' | 'TECS Director;自身运维Portal（PaaS平台Portal）' | '北向' |
| '1042' | 'TCP' | 'PaaS 软件仓库' | '调用MSB接口发布' | 'PaaS 提供的docker pull/push 功能' | '北向' |
| '1043' | 'HTTPS' | 'PaaS平台' | 'PaaS平台发布' | 'TECS Director;自身运维Portal（PaaS平台Portal）' | '北向' |
| '10080' | 'HTTP（不安全）' | 'apigateway' | '应用服务预留端口' | 'Http对外（Web/对接客户）端口' | '北向' |
| '443' | 'HTTPS' | 'apigateway' | '应用服务预留端口' | '单向认证对外(Web/对接客户）端口' | '北向' |
| '80' | 'http（不安全）' | 'hybirdCloud' | '自服务门户http' | '自服务门户 （同控制节点合一场景）' | '北向' |
| '446' | 'https' | 'hybirdCloud' | '自服务门户https' | '自服务门户 （同控制节点合一场景）' | '北向' |
| '1161' | 'UDP/SNMPv2（不安全）' | 'FM' | '应用服务预留端口' | 'SNMP Get获取告警（FM进程使用）' | '北向' |
| '29951' | 'TCP/FTP（不安全）' | 'FTP公共服务' | '公共服务端口' | 'FTP性能数据北向' | '北向' |
| '29952' | 'TCP' | 'FTP公共服务' | '公共服务端口' | 'SFTP性能数据北向' | '北向' |
| '29888' | 'TCP' | 'swr' | '应用服务预留端口' | 'SWR-Out 用来发布到Openpallte，后者通过这个主动向SWR拉取控制消息' | '北向' |
| '40041' | 'TCP' | 'U31' | '调用MSB接口发布' | 'U31 http拉远' | '北向' |
| '40042' | 'TCP' | 'U31' | '调用MSB接口发布' | 'U31 https拉远' | '北向' |
| '29603' | 'TCP' | 'LOG' | '调用MSB接口发布' | '日志SFTP北向代理出口' | '北向' |
| '29998' | 'TCP' | '' | '调用MSB接口发布' | 'NBM(VIM备份恢复);边缘云场景纳管NBM' | '北向' |
| '4955' | 'HTTP/HTTPS' | 'PaaS公共服务租户' | '应用服务端口预留' | 'PaaS公共服务运维端口' | '北向' |
| '4956' | 'HTTP/HTTPS' | 'PaaS公共服务租户' | '应用服务端口预留' | 'PaaS公共服务运维端口' | '北向' |
| '4957' | 'HTTP/HTTPS' | 'PaaS公共服务租户' | '应用服务端口预留' | 'PaaS公共服务运维端口' | '北向' |
| '6080' | 'TCP' | 'apigateway' | '应用服务预留端口' | '虚机控制台，因为兼容纳管的云环境版本差异，所以对外暴漏多个端口；' | '北向' |
| '7110' | 'TCP' | 'apigateway' | '应用服务预留端口' | '虚机控制台，因为兼容纳管的云环境版本差异，所以对外暴漏多个端口；' | '北向' |
| '7140' | 'TCP' | 'apigateway' | '应用服务预留端口' | '虚机控制台，因为兼容纳管的云环境版本差异，所以对外暴漏多个端口；' | '北向' |
| '7170' | 'TCP' | 'apigateway' | '应用服务预留端口' | '虚机控制台，因为兼容纳管的云环境版本差异，所以对外暴漏多个端口；' | '北向' |
| '7200' | 'TCP' | 'apigateway' | '应用服务预留端口' | '虚机控制台，因为兼容纳管的云环境版本差异，所以对外暴漏多个端口；' | '北向' |
| '16080' | 'TCP' | 'apigateway' | '应用服务预留端口' | '虚机控制台，因为兼容纳管的云环境版本差异，所以对外暴漏多个端口；' | '北向' |
| '9131,  9141,  8776，8774,  9696,  8042,  9292,  9322,  9311,  8777,  8000,  9890, 8004,  5000,  9531,  35357,  9292,  10756,  6030,  8089,  36387,  36417,  9804, 9806,  10322,  10726,  9834,  9322,  9836,  9837,  10352,  35357, 8089' | 'HTTP/HTTPS' | 'apigateway' | '应用服务预留端口' | '广西电信；拉美7国；边缘云场景，Mano对接提供的Openstack原生端口（默认不开放）' | '北向' |
| '39920-40040;40043-40350' | 'TCP' | 'VRM' | '调用MSB接口发布' | 'MSB拉远资源池（每个资源池暴漏一个端口）（边缘云增加 200个云环境个数）' | '北向' |
| '40351-40400' | 'TCP' | '预留' | '预留' | '预留' | '北向' |
| '29672~29800' | 'TCP' | '' | '调用MSB接口发布' | 'TECS Director;纳管Uniview' | '北向' |
| '40001' | 'UDP/SNMP（不安全）' | 'FM' | '应用服务预留端口' | 'Provider告警上报(SNMP)（从MSB入）' | '南向' |
| '40002' | 'UDP' | 'FM' | '应用服务预留端口' | 'Provider告警上报(SNMPv3)（从MSB入）' | '南向' |
| '35000' | 'TCP' | 'swr' | '应用服务预留端口' | '软件仓库Registry对南向openpallte的数据流' | '南向' |
| '29805' | 'TCP' | 'nid' | '应用服务预留端口' | 'nid-sk对外资源池保留端口，网络探测使用' | '南向' |
| '29992' | 'TCP/无SSL（不安全）' | 'kafka' | '应用服务预留端口' | 'kafka1南向上报，切PAAS平台后均从MSB入' | '南向' |
| '29993' | 'TCP/无SSL（不安全）' | 'kafka' | '应用服务预留端口' | 'kafka2南向上报，切PAAS平台后均从MSB入' | '南向' |
| '29994' | 'TCP/无SSL（不安全）' | 'kafka' | '应用服务预留端口' | 'kafka3南向上报，切PAAS平台后均从MSB入' | '南向' |
| '29995' | 'TCP' | 'kafka' | '应用服务预留端口' | 'kafka3 ssl 南向上报，切PAAS平台后均从MSB入' | '南向' |
| '29996' | 'TCP' | 'kafka' | '应用服务预留端口' | 'kafka3 ssl 南向上报，切PAAS平台后均从MSB入' | '南向' |
| '29997' | 'TCP' | 'kafka' | '应用服务预留端口' | 'kafka3 ssl 南向上报，切PAAS平台后均从MSB入' | '南向' |
","安装与调试-对接指南-参考-端口开放列表:
各系统调用TECS Director时的端口参见表1。 安装与调试-对接指南-参考-端口开放列表-表1  TECS Director端口开放列表:
端口:'123'; 协议:'UDP(NTP)'; 归属服务:'PaaS平台'; 发布方法:'PaaS平台发布'; 说明:'对Provider提供NTP时钟同步服务（实际上就是MSB所在节点提供NtpServer）'; 网络平面:'北向'"," 安装与调试-对接指南-参考-端口开放列表-表1  TECS Director端口开放列表:
端口:'22'; 协议:'TCP'; 归属服务:'PaaS平台'; 发布方法:'PaaS平台发布'; 说明:'SSH'; 网络平面:'北向'
端口:'1080'; 协议:'HTTP（不安全）'; 归属服务:'PaaS平台'; 发布方法:'PaaS平台发布'; 说明:'TECS Director;自身运维Portal（PaaS平台Portal）'; 网络平面:'北向'"," 安装与调试-对接指南-参考-端口开放列表-表1  TECS Director端口开放列表:
端口:'1042'; 协议:'TCP'; 归属服务:'PaaS 软件仓库'; 发布方法:'调用MSB接口发布'; 说明:'PaaS 提供的docker pull/push 功能'; 网络平面:'北向'
端口:'1043'; 协议:'HTTPS'; 归属服务:'PaaS平台'; 发布方法:'PaaS平台发布'; 说明:'TECS Director;自身运维Portal（PaaS平台Portal）'; 网络平面:'北向'"," 安装与调试-对接指南-参考-端口开放列表-表1  TECS Director端口开放列表:
端口:'10080'; 协议:'HTTP（不安全）'; 归属服务:'apigateway'; 发布方法:'应用服务预留端口'; 说明:'Http对外（Web/对接客户）端口'; 网络平面:'北向'
端口:'443'; 协议:'HTTPS'; 归属服务:'apigateway'; 发布方法:'应用服务预留端口'; 说明:'单向认证对外(Web/对接客户）端口'; 网络平面:'北向'"," 安装与调试-对接指南-参考-端口开放列表-表1  TECS Director端口开放列表:
端口:'80'; 协议:'http（不安全）'; 归属服务:'hybirdCloud'; 发布方法:'自服务门户http'; 说明:'自服务门户 （同控制节点合一场景）'; 网络平面:'北向'
端口:'446'; 协议:'https'; 归属服务:'hybirdCloud'; 发布方法:'自服务门户https'; 说明:'自服务门户 （同控制节点合一场景）'; 网络平面:'北向'"," 安装与调试-对接指南-参考-端口开放列表-表1  TECS Director端口开放列表:
端口:'1161'; 协议:'UDP/SNMPv2（不安全）'; 归属服务:'FM'; 发布方法:'应用服务预留端口'; 说明:'SNMP Get获取告警（FM进程使用）'; 网络平面:'北向'
端口:'29951'; 协议:'TCP/FTP（不安全）'; 归属服务:'FTP公共服务'; 发布方法:'公共服务端口'; 说明:'FTP性能数据北向'; 网络平面:'北向'"," 安装与调试-对接指南-参考-端口开放列表-表1  TECS Director端口开放列表:
端口:'29952'; 协议:'TCP'; 归属服务:'FTP公共服务'; 发布方法:'公共服务端口'; 说明:'SFTP性能数据北向'; 网络平面:'北向'
端口:'29888'; 协议:'TCP'; 归属服务:'swr'; 发布方法:'应用服务预留端口'; 说明:'SWR-Out 用来发布到Openpallte，后者通过这个主动向SWR拉取控制消息'; 网络平面:'北向'"," 安装与调试-对接指南-参考-端口开放列表-表1  TECS Director端口开放列表:
端口:'40041'; 协议:'TCP'; 归属服务:'U31'; 发布方法:'调用MSB接口发布'; 说明:'U31 http拉远'; 网络平面:'北向'
端口:'40042'; 协议:'TCP'; 归属服务:'U31'; 发布方法:'调用MSB接口发布'; 说明:'U31 https拉远'; 网络平面:'北向'"," 安装与调试-对接指南-参考-端口开放列表-表1  TECS Director端口开放列表:
端口:'29603'; 协议:'TCP'; 归属服务:'LOG'; 发布方法:'调用MSB接口发布'; 说明:'日志SFTP北向代理出口'; 网络平面:'北向'
端口:'29998'; 协议:'TCP'; 归属服务:''; 发布方法:'调用MSB接口发布'; 说明:'NBM(VIM备份恢复);边缘云场景纳管NBM'; 网络平面:'北向'"," 安装与调试-对接指南-参考-端口开放列表-表1  TECS Director端口开放列表:
端口:'4955'; 协议:'HTTP/HTTPS'; 归属服务:'PaaS公共服务租户'; 发布方法:'应用服务端口预留'; 说明:'PaaS公共服务运维端口'; 网络平面:'北向'
端口:'4956'; 协议:'HTTP/HTTPS'; 归属服务:'PaaS公共服务租户'; 发布方法:'应用服务端口预留'; 说明:'PaaS公共服务运维端口'; 网络平面:'北向'"," 安装与调试-对接指南-参考-端口开放列表-表1  TECS Director端口开放列表:
端口:'4957'; 协议:'HTTP/HTTPS'; 归属服务:'PaaS公共服务租户'; 发布方法:'应用服务端口预留'; 说明:'PaaS公共服务运维端口'; 网络平面:'北向'
端口:'6080'; 协议:'TCP'; 归属服务:'apigateway'; 发布方法:'应用服务预留端口'; 说明:'虚机控制台，因为兼容纳管的云环境版本差异，所以对外暴漏多个端口；'; 网络平面:'北向'"," 安装与调试-对接指南-参考-端口开放列表-表1  TECS Director端口开放列表:
端口:'7110'; 协议:'TCP'; 归属服务:'apigateway'; 发布方法:'应用服务预留端口'; 说明:'虚机控制台，因为兼容纳管的云环境版本差异，所以对外暴漏多个端口；'; 网络平面:'北向'
端口:'7140'; 协议:'TCP'; 归属服务:'apigateway'; 发布方法:'应用服务预留端口'; 说明:'虚机控制台，因为兼容纳管的云环境版本差异，所以对外暴漏多个端口；'; 网络平面:'北向'"," 安装与调试-对接指南-参考-端口开放列表-表1  TECS Director端口开放列表:
端口:'7170'; 协议:'TCP'; 归属服务:'apigateway'; 发布方法:'应用服务预留端口'; 说明:'虚机控制台，因为兼容纳管的云环境版本差异，所以对外暴漏多个端口；'; 网络平面:'北向'
端口:'7200'; 协议:'TCP'; 归属服务:'apigateway'; 发布方法:'应用服务预留端口'; 说明:'虚机控制台，因为兼容纳管的云环境版本差异，所以对外暴漏多个端口；'; 网络平面:'北向'"," 安装与调试-对接指南-参考-端口开放列表-表1  TECS Director端口开放列表:
端口:'16080'; 协议:'TCP'; 归属服务:'apigateway'; 发布方法:'应用服务预留端口'; 说明:'虚机控制台，因为兼容纳管的云环境版本差异，所以对外暴漏多个端口；'; 网络平面:'北向'
端口:'9131,  9141,  8776，8774,  9696,  8042,  9292,  9322,  9311,  8777,  8000,  9890, 8004,  5000,  9531,  35357,  9292,  10756,  6030,  8089,  36387,  36417,  9804, 9806,  10322,  10726,  9834,  9322,  9836,  9837,  10352,  35357, 8089'; 协议:'HTTP/HTTPS'; 归属服务:'apigateway'; 发布方法:'应用服务预留端口'; 说明:'广西电信；拉美7国；边缘云场景，Mano对接提供的Openstack原生端口（默认不开放）'; 网络平面:'北向'"," 安装与调试-对接指南-参考-端口开放列表-表1  TECS Director端口开放列表:
端口:'39920-40040;40043-40350'; 协议:'TCP'; 归属服务:'VRM'; 发布方法:'调用MSB接口发布'; 说明:'MSB拉远资源池（每个资源池暴漏一个端口）（边缘云增加 200个云环境个数）'; 网络平面:'北向'
端口:'40351-40400'; 协议:'TCP'; 归属服务:'预留'; 发布方法:'预留'; 说明:'预留'; 网络平面:'北向'"," 安装与调试-对接指南-参考-端口开放列表-表1  TECS Director端口开放列表:
端口:'29672~29800'; 协议:'TCP'; 归属服务:''; 发布方法:'调用MSB接口发布'; 说明:'TECS Director;纳管Uniview'; 网络平面:'北向'
端口:'40001'; 协议:'UDP/SNMP（不安全）'; 归属服务:'FM'; 发布方法:'应用服务预留端口'; 说明:'Provider告警上报(SNMP)（从MSB入）'; 网络平面:'南向'"," 安装与调试-对接指南-参考-端口开放列表-表1  TECS Director端口开放列表:
端口:'40002'; 协议:'UDP'; 归属服务:'FM'; 发布方法:'应用服务预留端口'; 说明:'Provider告警上报(SNMPv3)（从MSB入）'; 网络平面:'南向'
端口:'35000'; 协议:'TCP'; 归属服务:'swr'; 发布方法:'应用服务预留端口'; 说明:'软件仓库Registry对南向openpallte的数据流'; 网络平面:'南向'"," 安装与调试-对接指南-参考-端口开放列表-表1  TECS Director端口开放列表:
端口:'29805'; 协议:'TCP'; 归属服务:'nid'; 发布方法:'应用服务预留端口'; 说明:'nid-sk对外资源池保留端口，网络探测使用'; 网络平面:'南向'
端口:'29992'; 协议:'TCP/无SSL（不安全）'; 归属服务:'kafka'; 发布方法:'应用服务预留端口'; 说明:'kafka1南向上报，切PAAS平台后均从MSB入'; 网络平面:'南向'"," 安装与调试-对接指南-参考-端口开放列表-表1  TECS Director端口开放列表:
端口:'29993'; 协议:'TCP/无SSL（不安全）'; 归属服务:'kafka'; 发布方法:'应用服务预留端口'; 说明:'kafka2南向上报，切PAAS平台后均从MSB入'; 网络平面:'南向'
端口:'29994'; 协议:'TCP/无SSL（不安全）'; 归属服务:'kafka'; 发布方法:'应用服务预留端口'; 说明:'kafka3南向上报，切PAAS平台后均从MSB入'; 网络平面:'南向'"," 安装与调试-对接指南-参考-端口开放列表-表1  TECS Director端口开放列表:
端口:'29995'; 协议:'TCP'; 归属服务:'kafka'; 发布方法:'应用服务预留端口'; 说明:'kafka3 ssl 南向上报，切PAAS平台后均从MSB入'; 网络平面:'南向'
端口:'29996'; 协议:'TCP'; 归属服务:'kafka'; 发布方法:'应用服务预留端口'; 说明:'kafka3 ssl 南向上报，切PAAS平台后均从MSB入'; 网络平面:'南向'","安装与调试-对接指南-参考-端口开放列表-表1  TECS Director端口开放列表:
端口:'29997'; 协议:'TCP'; 归属服务:'kafka'; 发布方法:'应用服务预留端口'; 说明:'kafka3 ssl 南向上报，切PAAS平台后均从MSB入'; 网络平面:'南向'"
