"安装与调试-对接指南-对接PaaS的QoS告警-摘要
TECS Director产品的QoS(Quality of Service, 服务质量)告警是由PaaS(Platform as a Service, 平台即服务)平台进行监控。当PaaS(Platform as a Service, 平台即服务)平台根据预定义阈值触发告警时，会通过SNMP(Simple Network Management Protocol, 简单网络管理协议) Trap将告警发送给TECS Director进行呈现，因此需要完成PaaS(Platform as a Service, 平台即服务)平台告警北向上报配置以及TECS Director产品SNMP(Simple Network Management Protocol, 简单网络管理协议)南向配置，从而实现上述QoS(Quality of Service, 服务质量)告警呈现。
安装与调试-对接指南-对接PaaS的QoS告警-前提
已经获取PaaS平台登录用户名、密码。
已经获取管登录TECS Director系统的管理员账户。

安装与调试-对接指南-对接PaaS的QoS告警-步骤-配置PaaS
SNMP北向
在浏览器地址输入栏中，输入PaaS平台环境登录地址（https://ip:1043/portaladmin），单击回车键。
输入用户名、密码，单击登录按钮，如图1所示。
图1  OpenPalette页面
在OpenPalette系统，选择系统设置→告警管理，打开告警管理页面。
在告警管理页面，切换到SNMP北向地址页签，如图2所示。
图2  SNMP北向地址
单击添加SNMP北向地址按钮，打开添加SNMP北向地址页面，如图3所示。
图3  添加SNMP北向地址页面
配置添加SNMP北向地址参数，参数说明参见表1。
安装与调试-对接指南-对接PaaS的QoS告警-步骤-配置PaaS
SNMP北向
### 表1  添加SNMP北向地址参数说明
| 参数 | 说明 |
|---|---|
| 'IP地址' | '填写TECS Director浮动地址' |
| '端口' | '填写40002' |
| 'SNMP协议类型' | '选择SNMP v3版本' |
| '用户名' | '用户名需要与TECS Director的系统管理→南向设置→告警SNMPV3中设置的用户名一致' |
| '安全级别' | '选择认证&加密' |
| '认证模式' | '需要与TECS Director的系统管理→南向设置→告警SNMPV3设置中认证方式一致，建议填写MD5' |
| '认证密码' | '填写认证密码，需要与;TECS Director;的;系统管理→南向设置→告警SNMPV3;中设置一致。;密码长度至少8位，必须包含大写字母、小写字母、数字和特殊符号中的三种' |
| '加密模式' | '需要与TECS Director的系统管理→南向设置→告警SNMPV3设置中加密方式一致，建议填写DES' |
| '加密密码' | '填写加密密码，需要与;TECS Director;的;系统管理→南向设置→告警SNMPV3;中设置一致。;密码长度至少8位，必须包含大写字母、小写字母、数字和特殊符号中的三种' |

单击添加按钮。","安装与调试-对接指南-对接PaaS的QoS告警-摘要:
TECS Director产品的QoS(Quality of Service, 服务质量)告警是由PaaS(Platform as a Service, 平台即服务)平台进行监控。当PaaS(Platform as a Service, 平台即服务)平台根据预定义阈值触发告警时，会通过SNMP(Simple Network Management Protocol, 简单网络管理协议) Trap将告警发送给TECS Director进行呈现，因此需要完成PaaS(Platform as a Service, 平台即服务)平台告警北向上报配置以及TECS Director产品SNMP(Simple Network Management Protocol, 简单网络管理协议)南向配置，从而实现上述QoS(Quality of Service, 服务质量)告警呈现","安装与调试-对接指南-对接PaaS的QoS告警-前提
已经获取PaaS平台登录用户名、密码。
已经获取管登录TECS Director系统的管理员账户。



安装与调试-对接指南-对接PaaS的QoS告警-步骤-配置PaaS
SNMP北向:
在浏览器地址输入栏中，输入PaaS平台环境登录地址（https://ip:1043/portaladmin），单击回车键。
输入用户名、密码，单击登录按钮，如图1所示。
图1  OpenPalette页面在OpenPalette系统，选择系统设置→告警管理，打开告警管理页面","安装与调试-对接指南-对接PaaS的QoS告警-步骤-配置PaaS
SNMP北向:
在告警管理页面，切换到SNMP北向地址页签，如图2所示。
图2  SNMP北向地址
单击添加SNMP北向地址按钮，打开添加SNMP北向地址页面，如图3所示。
图3  添加SNMP北向地址页面配置添加SNMP北向地址参数，参数说明参见表1。 安装与调试-对接指南-对接PaaS的QoS告警-步骤-配置PaaS
SNMP北向-表1  添加SNMP北向地址参数说明:
参数:'IP地址'; 说明:'填写TECS Director浮动地址'","安装与调试-对接指南-对接PaaS的QoS告警-步骤-配置PaaS
SNMP北向:
 安装与调试-对接指南-对接PaaS的QoS告警-步骤-配置PaaS
SNMP北向-表1  添加SNMP北向地址参数说明:
参数:'端口'; 说明:'填写40002'
参数:'SNMP协议类型'; 说明:'选择SNMP v3版本'
参数:'用户名'; 说明:'用户名需要与TECS Director的系统管理→南向设置→告警SNMPV3中设置的用户名一致'
参数:'安全级别'; 说明:'选择认证&加密'","安装与调试-对接指南-对接PaaS的QoS告警-步骤-配置PaaS
SNMP北向:
 安装与调试-对接指南-对接PaaS的QoS告警-步骤-配置PaaS
SNMP北向-表1  添加SNMP北向地址参数说明:
参数:'认证模式'; 说明:'需要与TECS Director的系统管理→南向设置→告警SNMPV3设置中认证方式一致，建议填写MD5'
参数:'认证密码'; 说明:'填写认证密码，需要与;TECS Director;的;系统管理→南向设置→告警SNMPV3;中设置一致。;密码长度至少8位，必须包含大写字母、小写字母、数字和特殊符号中的三种'","安装与调试-对接指南-对接PaaS的QoS告警-步骤-配置PaaS
SNMP北向:
 安装与调试-对接指南-对接PaaS的QoS告警-步骤-配置PaaS
SNMP北向-表1  添加SNMP北向地址参数说明:
参数:'加密模式'; 说明:'需要与TECS Director的系统管理→南向设置→告警SNMPV3设置中加密方式一致，建议填写DES'
参数:'加密密码'; 说明:'填写加密密码，需要与;TECS Director;的;系统管理→南向设置→告警SNMPV3;中设置一致。;密码长度至少8位，必须包含大写字母、小写字母、数字和特殊符号中的三种'","安装与调试-对接指南-对接PaaS的QoS告警-步骤-配置PaaS
SNMP北向:
单击添加按钮。"
"安装与调试-对接指南-对接PaaS的QoS告警-步骤-配置云管系统 SNMP南向
在浏览器地址输入栏中，输入TECS Director环境登录地址（https://ip/uportal/），单击回车键。
输入用户名、密码，单击登录按钮。
在TECS Director系统首页，单击导航菜单，选择系统管理→系统设置→南向设置，打开南向设置页面。
在南向设置页面，切换到告警SNMP V3设置页签，如图4所示。
图4  告警SNMP V3设置页签
单击修改按钮，设置参数，完成南向设置接收来自PaaS告警。
安装与调试-对接指南-对接PaaS的QoS告警-步骤-配置云管系统 SNMP南向
### 表2  告警SNMP V3设置参数说明
| 参数 | 说明 |
|---|---|
| 'SNMP协议类型' | '填写V3' |
| '用户名' | '用户名需要与PaaS的系统管理→告警管理→SNMP北向地址中用户名一致' |
| '安全级别' | '选择认证&加密' |
| '认证模式' | '需要与PaaS的系统管理→告警管理→SNMP北向地址中认证方式一致' |
| '认证密码' | '填写认证密码，需要与PaaS的;系统管理→告警管理→SNMP北向;中设置一致。;密码长度至少8位，必须包含大写字母、小写字母、数字和特殊符号中的三种' |
| '加密模式' | '需要与PaaS的系统管理→告警管理→SNMP北向地址中加密方式一致' |
| '加密密码' | '填写加密密码，需要与PaaS的;系统管理→告警管理→SNMP北向;中设置一致。;密码长度至少8位，必须包含大写字母、小写字母、数字和特殊符号中的三种' |

单击确定按钮。
安装与调试-对接指南-对接PaaS的QoS告警-步骤-启用QoS告警
在OpenPalette系统，选择系统设置→告警管理，打开告警管理页面。
在告警管理页面，切换到QoS配置页签，如图5所示。
图5  QoS配置页签
依次单击节点、磁盘分区、组件实例，参见表3建议设置QoS(Quality of Service, 服务质量)告警。
安装与调试-对接指南-对接PaaS的QoS告警-步骤-启用QoS告警
### 表3  QoS告警设置参考
| 告警分类 | 告警名称 | 启用建议 | 阈值建议 |
|---|---|---|---|
| '节点' | '系统1分钟内平均负载' | '是' | '严重 4N/A;重要 3N/A;次要 2N/A;警告 1N/A' |
| '节点' | '网络流出字节速率' | '否' | '严重 900000000Bps;重要 750000000Bps;次要 500000000Bps;警告 300000000Bps' |
| '节点' | '网络流入字节速率' | '否' | '严重 900000000Bps;重要 750000000Bps;次要 500000000Bps;警告 300000000Bps' |
| '节点' | '磁盘占用率' | '是' | '严重 90%;重要 85%;次要 80%;警告 75%' |
| '节点' | '内存总占用率' | '是' | '严重 90%;重要 85%;次要 80%;警告 75%' |
| '节点' | 'CPU占用率' | '是' | '严重 90%;重要 85%;次要 80%;警告 75%' |
| '节点' | 'CPU等待调度占用率' | '是' | '严重 40%;重要 30%;次要 20%;警告 10%' |
| '节点' | '系统当前使用pid数目占用率' | '是' | '严重 90%;重要 85%;次要 80%;警告 75%' |
| '节点' | 'CPU等待I/O占用率' | '是' | '严重 70%;重要 60%;次要 50%;警告 40%' |
| '磁盘分区' | '分区占用率' | '是' | '严重 90%;重要 85%;次要 80%;警告 75%' |
| '组件实例' | '内存总占用率' | '是' | '严重 90%;重要 85%;次要 80%;警告 75%' |
| '组件实例' | 'CPU占用率' | '是' | '严重 90%;重要 85%;次要 80%;警告 75%' |
","安装与调试-对接指南-对接PaaS的QoS告警-步骤-配置云管系统 SNMP南向:
在浏览器地址输入栏中，输入TECS Director环境登录地址（https://ip/uportal/），单击回车键。
输入用户名、密码，单击登录按钮。
在TECS Director系统首页，单击导航菜单，选择系统管理→系统设置→南向设置，打开南向设置页面。
在南向设置页面，切换到告警SNMP V3设置页签，如图4所示。
图4  告警SNMP V3设置页签单击修改按钮，设置参数，完成南向设置接收来自PaaS告警。","安装与调试-对接指南-对接PaaS的QoS告警-步骤-配置云管系统 SNMP南向:
 安装与调试-对接指南-对接PaaS的QoS告警-步骤-配置云管系统 SNMP南向-表2  告警SNMP V3设置参数说明:
参数:'SNMP协议类型'; 说明:'填写V3'
参数:'用户名'; 说明:'用户名需要与PaaS的系统管理→告警管理→SNMP北向地址中用户名一致'
参数:'安全级别'; 说明:'选择认证&加密'
参数:'认证模式'; 说明:'需要与PaaS的系统管理→告警管理→SNMP北向地址中认证方式一致'","安装与调试-对接指南-对接PaaS的QoS告警-步骤-配置云管系统 SNMP南向:
 安装与调试-对接指南-对接PaaS的QoS告警-步骤-配置云管系统 SNMP南向-表2  告警SNMP V3设置参数说明:
参数:'认证密码'; 说明:'填写认证密码，需要与PaaS的;系统管理→告警管理→SNMP北向;中设置一致。;密码长度至少8位，必须包含大写字母、小写字母、数字和特殊符号中的三种'
参数:'加密模式'; 说明:'需要与PaaS的系统管理→告警管理→SNMP北向地址中加密方式一致'","安装与调试-对接指南-对接PaaS的QoS告警-步骤-配置云管系统 SNMP南向
安装与调试-对接指南-对接PaaS的QoS告警-步骤-配置云管系统 SNMP南向-表2  告警SNMP V3设置参数说明:
参数:'加密密码'; 说明:'填写加密密码，需要与PaaS的;系统管理→告警管理→SNMP北向;中设置一致。;密码长度至少8位，必须包含大写字母、小写字母、数字和特殊符号中的三种'
单击确定按钮。

安装与调试-对接指南-对接PaaS的QoS告警-步骤-启用QoS告警:
在OpenPalette系统，选择系统设置→告警管理，打开告警管理页面","安装与调试-对接指南-对接PaaS的QoS告警-步骤-启用QoS告警:
在告警管理页面，切换到QoS配置页签，如图5所示。
图5  QoS配置页签依次单击节点、磁盘分区、组件实例，参见表3建议设置QoS(Quality of Service, 服务质量)告警。 安装与调试-对接指南-对接PaaS的QoS告警-步骤-启用QoS告警-表3  QoS告警设置参考:
告警分类:'节点'; 告警名称:'系统1分钟内平均负载'; 启用建议:'是'; 阈值建议:'严重 4N/A;重要 3N/A;次要 2N/A;警告 1N/A'"," 安装与调试-对接指南-对接PaaS的QoS告警-步骤-启用QoS告警-表3  QoS告警设置参考:
告警分类:'节点'; 告警名称:'网络流出字节速率'; 启用建议:'否'; 阈值建议:'严重 900000000Bps;重要 750000000Bps;次要 500000000Bps;警告 300000000Bps'
告警分类:'节点'; 告警名称:'网络流入字节速率'; 启用建议:'否'; 阈值建议:'严重 900000000Bps;重要 750000000Bps;次要 500000000Bps;警告 300000000Bps'"," 安装与调试-对接指南-对接PaaS的QoS告警-步骤-启用QoS告警-表3  QoS告警设置参考:
告警分类:'节点'; 告警名称:'磁盘占用率'; 启用建议:'是'; 阈值建议:'严重 90%;重要 85%;次要 80%;警告 75%'
告警分类:'节点'; 告警名称:'内存总占用率'; 启用建议:'是'; 阈值建议:'严重 90%;重要 85%;次要 80%;警告 75%'
告警分类:'节点'; 告警名称:'CPU占用率'; 启用建议:'是'; 阈值建议:'严重 90%;重要 85%;次要 80%;警告 75%'"," 安装与调试-对接指南-对接PaaS的QoS告警-步骤-启用QoS告警-表3  QoS告警设置参考:
告警分类:'节点'; 告警名称:'CPU等待调度占用率'; 启用建议:'是'; 阈值建议:'严重 40%;重要 30%;次要 20%;警告 10%'
告警分类:'节点'; 告警名称:'系统当前使用pid数目占用率'; 启用建议:'是'; 阈值建议:'严重 90%;重要 85%;次要 80%;警告 75%'"," 安装与调试-对接指南-对接PaaS的QoS告警-步骤-启用QoS告警-表3  QoS告警设置参考:
告警分类:'节点'; 告警名称:'CPU等待I/O占用率'; 启用建议:'是'; 阈值建议:'严重 70%;重要 60%;次要 50%;警告 40%'
告警分类:'磁盘分区'; 告警名称:'分区占用率'; 启用建议:'是'; 阈值建议:'严重 90%;重要 85%;次要 80%;警告 75%'
告警分类:'组件实例'; 告警名称:'内存总占用率'; 启用建议:'是'; 阈值建议:'严重 90%;重要 85%;次要 80%;警告 75%'","安装与调试-对接指南-对接PaaS的QoS告警-步骤-启用QoS告警-表3  QoS告警设置参考:
告警分类:'组件实例'; 告警名称:'CPU占用率'; 启用建议:'是'; 阈值建议:'严重 90%;重要 85%;次要 80%;警告 75%'"
