"安装与调试-对接指南-配置资源北向接口对接-摘要
介绍如何配置资源北向接口对接。
安装与调试-对接指南-配置资源北向接口对接-步骤
单击TECS Director顶部菜单栏中的按钮，选择更多→安全管理→用户管理，打开用户管理页面，如图1所示。
图1  用户管理页面
单击+新建用户按钮，打开新建用户页面，如图2所示。
图2  新建用户-基本信息
输入用户名“api-user”，密码“Admin@13”，用户规划选择“API访问规则”，同时登录数限制选择“不限制”，单击下一步按钮，打开新建用户-权限分配页面。
角色选择“系统管理员”，单击新建按钮，创建用户。
接口调用。
POST  /api/oauth2/v1/oauth/token
安装与调试-对接指南-配置资源北向接口对接-步骤
### 表1  请求参数
| 英文名 | 中文名 | 位置 | 类型 | 取值范围及说明 | 必选/可选 |
|---|---|---|---|---|---|
| 'grantType' | '鉴权类型' | '请求消息体' | '字符串' | '鉴权类型，申请Token时取值password' | '必选' |
| 'userName' | '登录用户名' | '请求消息体' | '字符串' | '登录用户名说明：该用户关联的账号规则必须支持API方式登录，否则将禁止登陆' | '必选' |
| 'value' | '登录密码' | '请求消息体' | '字符串' | '登录密码' | '必选' |

安装与调试-对接指南-配置资源北向接口对接-步骤
### 表2  响应参数
| 英文名 | 中文名 | 位置 | 类型 | 取值范围及说明 | 必选/可选 |
|---|---|---|---|---|---|
| 'accessToken' | '访问Token' | '响应消息体' | '字符串' | '登录成功后，返回Token。当调用其他API接口时，需要在请求消息头中accessToken字段填写。' | '必选' |
| 'expires' | 'accessToken超时时间' | '响应消息体' | '数字' | 'accessToken的超期时间，单位秒' | '必选' |

安装与调试-对接指南-配置资源北向接口对接-步骤
### 表3  响应体参数
| 参数 | 类型 | 说明 | 可选 | 备注 |
|---|---|---|---|---|
| 'code' | 'int' | 'Zenap内部规范错误码' | 'M' | '-' |
| 'message' | 'String' | '错误码描述' | 'M' | '比如：;“User simultaneous login exceeded the limit”表示在线用户数超过限制，需要修改' |

安装与调试-对接指南-配置资源北向接口对接-步骤-说明：
请求头中在携带Token：
申请token后，再发起rest接口请求时，需要在http请求头header中填写accessToken该值为该接口返回值中得到的accessToken值。
accessToken如果已经过期，请求将返回401响应码。
具体方法：curl -X POST -H ""Content-Type: application/json"" -d '{""grantType"":""password"",""userName"":""api-user"",""value"":""Admin@13""}' https://xxxxx/api/oauth2/v1/oauth/token -k","安装与调试-对接指南-配置资源北向接口对接-摘要
介绍如何配置资源北向接口对接。

安装与调试-对接指南-配置资源北向接口对接-步骤:
单击TECS Director顶部菜单栏中的按钮，选择更多→安全管理→用户管理，打开用户管理页面，如图1所示。
图1  用户管理页面
单击+新建用户按钮，打开新建用户页面，如图2所示。
图2  新建用户-基本信息
输入用户名“api-user”，密码“Admin@13”，用户规划选择“API访问规则”，同时登录数限制选择“不限制”，单击下一步按钮，打开新建用户-权限分配页面。角色选择“系统管理员”，单击新建按钮，创建用户","安装与调试-对接指南-配置资源北向接口对接-步骤:
接口调用。
POST  /api/oauth2/v1/oauth/token 安装与调试-对接指南-配置资源北向接口对接-步骤-表1  请求参数:
英文名:'grantType'; 中文名:'鉴权类型'; 位置:'请求消息体'; 类型:'字符串'; 取值范围及说明:'鉴权类型，申请Token时取值password'; 必选/可选:'必选'
英文名:'userName'; 中文名:'登录用户名'; 位置:'请求消息体'; 类型:'字符串'; 取值范围及说明:'登录用户名说明：该用户关联的账号规则必须支持API方式登录，否则将禁止登陆'; 必选/可选:'必选'","安装与调试-对接指南-配置资源北向接口对接-步骤-表1  请求参数:
英文名:'value'; 中文名:'登录密码'; 位置:'请求消息体'; 类型:'字符串'; 取值范围及说明:'登录密码'; 必选/可选:'必选' 安装与调试-对接指南-配置资源北向接口对接-步骤-表2  响应参数:
英文名:'accessToken'; 中文名:'访问Token'; 位置:'响应消息体'; 类型:'字符串'; 取值范围及说明:'登录成功后，返回Token。当调用其他API接口时，需要在请求消息头中accessToken字段填写。'; 必选/可选:'必选'","安装与调试-对接指南-配置资源北向接口对接-步骤-表2  响应参数:
英文名:'expires'; 中文名:'accessToken超时时间'; 位置:'响应消息体'; 类型:'数字'; 取值范围及说明:'accessToken的超期时间，单位秒'; 必选/可选:'必选' 安装与调试-对接指南-配置资源北向接口对接-步骤-表3  响应体参数:
参数:'code'; 类型:'int'; 说明:'Zenap内部规范错误码'; 可选:'M'; 备注:'-'","安装与调试-对接指南-配置资源北向接口对接-步骤-表3  响应体参数:
参数:'message'; 类型:'String'; 说明:'错误码描述'; 可选:'M'; 备注:'比如：;“User simultaneous login exceeded the limit”表示在线用户数超过限制，需要修改'

安装与调试-对接指南-配置资源北向接口对接-步骤-说明：:
请求头中在携带Token：申请token后，再发起rest接口请求时，需要在http请求头header中填写accessToken该值为该接口返回值中得到的accessToken值","安装与调试-对接指南-配置资源北向接口对接-步骤-说明：:
accessToken如果已经过期，请求将返回401响应码。
具体方法：curl -X POST -H ""Content-Type: application/json"" -d '{""grantType"":""password"",""userName"":""api-user"",""value"":""Admin@13""}' https://xxxxx/api/oauth2/v1/oauth/token -k"
