"安装与调试-对接指南-对接MANO-配置性能北向FTP参数
安装与调试-对接指南-对接MANO-配置性能北向FTP参数-摘要
本任务介绍了如何在TECS Director侧配置性能北向FTP(File Transfer Protocol, 文件传输协议)参数。配置FTP参数后，用户在MANO(Management and Orchestration, 管理和编排)侧，可以通过FTP(File Transfer Protocol, 文件传输协议)方式获取TECS Director的性能数据。
安装与调试-对接指南-对接MANO-配置性能北向FTP参数-步骤
以Domain管理员账户登录TECS Director系统。
单击导航按钮，选择系统管理→系统设置，打开北向设置页面。
单击性能北向FTP服务器设置页签，显示性能北向FTP(File Transfer Protocol, 文件传输协议)服务器配置参数。
单击修改按钮，修改性能FTP服务器参数，如图1所示。性能北向FTP服务器参数说明参见表1。
图1  性能FTP服务器参数修改实例
安装与调试-对接指南-对接MANO-配置性能北向FTP参数-步骤
### 表1  性能北向FTP服务器参数说明
| 参数 | 说明 |
|---|---|
| '开关' | '配置是否启用FTP功能。:开：启用FTP功能。;关：禁用FTP功能。' |
| '传输方式' | '配置性能数据文件的传输方式，包括;SFTP(Secure File Transfer Protocol, 安全文件传输协议);和;FTP(File Transfer Protocol, 文件传输协议);。' |
| '本地服务器地址' | '合一部署时本地FTP服务器IP地址设置为127.0.0.1。;分布式部署时，设置为REPO节点所在的IP。' |
| '本地服务器端口' | '本地FTP服务器端口配置为21。' |
| '文件保存天数' | '配置保存FTP文件的时间。' |
| '文件命名格式' | '配置在性能北向文件名中是否包含网元类型信息。;TECS Director性能数据，为DIRECTOR。;U31性能数据，为U31。' |
| '性能数据粒度' | '配置数据查询的测量周期。' |
| '文件生成周期' | '配置生成性能北向文件的周期。' |
| '开始时间' | '文件中第一条记录的开始时间。' |
| '结束时间' | '文件中最后一条记录的结束时间。' |
| '时区' | '选择生成北向文件的时区。:本地时区：使用本地时区生成北向文件。;格林威治时区：使用格林威治时区生成北向文件。' |
| 'csv文件列名' | '配置列名的语言。' |
| 'csv文件列名格式' | '配置列名的格式。;默认值：指标ID' |
| '上报空间汇总结果' | '配置是否上报空间汇总结果。' |
| '上报指标配置' | '配置上报的指标。' |

修改结束，单击保存。
安装与调试-对接指南-对接MANO-配置性能北向FTP参数-结果
在MANO系统，用户可以通过FTP方式（用户名：ztepm， 密码：Aa888888）获取TECS Director的性能参数。","安装与调试-对接指南-对接MANO-配置性能北向FTP参数:
安装与调试-对接指南-对接MANO-配置性能北向FTP参数-摘要
本任务介绍了如何在TECS Director侧配置性能北向FTP(File Transfer Protocol, 文件传输协议)参数。配置FTP参数后，用户在MANO(Management and Orchestration, 管理和编排)侧，可以通过FTP(File Transfer Protocol, 文件传输协议)方式获取TECS Director的性能数据。

安装与调试-对接指南-对接MANO-配置性能北向FTP参数-步骤:
以Domain管理员账户登录TECS Director系统","安装与调试-对接指南-对接MANO-配置性能北向FTP参数-步骤:
单击导航按钮，选择系统管理→系统设置，打开北向设置页面。
单击性能北向FTP服务器设置页签，显示性能北向FTP(File Transfer Protocol, 文件传输协议)服务器配置参数。单击修改按钮，修改性能FTP服务器参数，如图1所示。性能北向FTP服务器参数说明参见表1。图1  性能FTP服务器参数修改实例 安装与调试-对接指南-对接MANO-配置性能北向FTP参数-步骤-表1  性能北向FTP服务器参数说明:
参数:'开关'; 说明:'配置是否启用FTP功能。:开：启用FTP功能。;关：禁用FTP功能。'","安装与调试-对接指南-对接MANO-配置性能北向FTP参数-步骤:
 安装与调试-对接指南-对接MANO-配置性能北向FTP参数-步骤-表1  性能北向FTP服务器参数说明:
参数:'传输方式'; 说明:'配置性能数据文件的传输方式，包括;SFTP(Secure File Transfer Protocol, 安全文件传输协议);和;FTP(File Transfer Protocol, 文件传输协议);。'","安装与调试-对接指南-对接MANO-配置性能北向FTP参数-步骤:
 安装与调试-对接指南-对接MANO-配置性能北向FTP参数-步骤-表1  性能北向FTP服务器参数说明:
参数:'本地服务器地址'; 说明:'合一部署时本地FTP服务器IP地址设置为127.0.0.1。;分布式部署时，设置为REPO节点所在的IP。'
参数:'本地服务器端口'; 说明:'本地FTP服务器端口配置为21。'
参数:'文件保存天数'; 说明:'配置保存FTP文件的时间。'","安装与调试-对接指南-对接MANO-配置性能北向FTP参数-步骤:
 安装与调试-对接指南-对接MANO-配置性能北向FTP参数-步骤-表1  性能北向FTP服务器参数说明:
参数:'文件命名格式'; 说明:'配置在性能北向文件名中是否包含网元类型信息。;TECS Director性能数据，为DIRECTOR。;U31性能数据，为U31。'
参数:'性能数据粒度'; 说明:'配置数据查询的测量周期。'
参数:'文件生成周期'; 说明:'配置生成性能北向文件的周期。'","安装与调试-对接指南-对接MANO-配置性能北向FTP参数-步骤:
 安装与调试-对接指南-对接MANO-配置性能北向FTP参数-步骤-表1  性能北向FTP服务器参数说明:
参数:'开始时间'; 说明:'文件中第一条记录的开始时间。'
参数:'结束时间'; 说明:'文件中最后一条记录的结束时间。'
参数:'时区'; 说明:'选择生成北向文件的时区。:本地时区：使用本地时区生成北向文件。;格林威治时区：使用格林威治时区生成北向文件。'
参数:'csv文件列名'; 说明:'配置列名的语言。'","安装与调试-对接指南-对接MANO-配置性能北向FTP参数-步骤
安装与调试-对接指南-对接MANO-配置性能北向FTP参数-步骤-表1  性能北向FTP服务器参数说明:
参数:'csv文件列名格式'; 说明:'配置列名的格式。;默认值：指标ID'
参数:'上报空间汇总结果'; 说明:'配置是否上报空间汇总结果。'
参数:'上报指标配置'; 说明:'配置上报的指标。'
修改结束，单击保存。

安装与调试-对接指南-对接MANO-配置性能北向FTP参数-结果:
在MANO系统，用户可以通过FTP方式（用户名：ztepm， 密码：Aa888888）获取TECS Director的性能参数"
