"安装与调试-对接指南-对接U31 NMS系统-配置资源南向FTP服务器参数-摘要
本任务介绍了如何在TECS Director侧配置资源南向FTP参数。配置FTP参数后，TECS Director可以通过FTP方式访问南向U31资源数据。
安装与调试-对接指南-对接U31 NMS系统-配置资源南向FTP服务器参数-步骤
以Domain管理员账户登录TECS Director系统。
单击导航按钮，选择系统管理→系统设置。
在页面左侧的功能导航树中，选择系统设置→南向设置，打开南向设置页面。
在资源南向FTP服务器设置页签，单击添加FTP服务器，打开添加FTP服务器页面。如图1所示。
图1  资源南向FTP配置参数
配置资源南向FTP服务器参数，资源南向FTP客户端参数说明参见表1。
安装与调试-对接指南-对接U31 NMS系统-配置资源南向FTP服务器参数-步骤
### 表1  资源南向FTP客户端参数说明
| 参数 | 说明 |
|---|---|
| '传输方式' | '配置资源数据文件的传输方式，包括;SFTP(Secure File Transfer Protocol, 安全文件传输协议);和;FTP(File Transfer Protocol, 文件传输协议)' |
| '开关' | '配置是否启用FTP功能:开：启用FTP功能;关：禁用FTP功能' |
| '服务器地址' | 'U31 FTP服务器的IP地址' |
| '服务器端口' | 'U31 FTP服务器的端口号' |
| '用户名' | '访问U31 FTP server服务器的用户名' |
| '密码' | '访问U31 FTP server服务器的密码' |

安装与调试-对接指南-对接U31 NMS系统-配置资源南向FTP服务器参数-步骤-说明：
资源南向FTP服务器设置页面的配置应和U31 NMS侧的配置保持一致。
参数配置完毕后，单击添加按钮。","安装与调试-对接指南-对接U31 NMS系统-配置资源南向FTP服务器参数-摘要
本任务介绍了如何在TECS Director侧配置资源南向FTP参数。配置FTP参数后，TECS Director可以通过FTP方式访问南向U31资源数据。

安装与调试-对接指南-对接U31 NMS系统-配置资源南向FTP服务器参数-步骤:
以Domain管理员账户登录TECS Director系统。
单击导航按钮，选择系统管理→系统设置。
在页面左侧的功能导航树中，选择系统设置→南向设置，打开南向设置页面。在资源南向FTP服务器设置页签，单击添加FTP服务器，打开添加FTP服务器页面","安装与调试-对接指南-对接U31 NMS系统-配置资源南向FTP服务器参数-步骤:
如图1所示。;

图1  资源南向FTP配置参数配置资源南向FTP服务器参数，资源南向FTP客户端参数说明参见表1。 安装与调试-对接指南-对接U31 NMS系统-配置资源南向FTP服务器参数-步骤-表1  资源南向FTP客户端参数说明:
参数:'传输方式'; 说明:'配置资源数据文件的传输方式，包括;SFTP(Secure File Transfer Protocol, 安全文件传输协议);和;FTP(File Transfer Protocol, 文件传输协议)'","安装与调试-对接指南-对接U31 NMS系统-配置资源南向FTP服务器参数-步骤:
 安装与调试-对接指南-对接U31 NMS系统-配置资源南向FTP服务器参数-步骤-表1  资源南向FTP客户端参数说明:
参数:'开关'; 说明:'配置是否启用FTP功能:开：启用FTP功能;关：禁用FTP功能'
参数:'服务器地址'; 说明:'U31 FTP服务器的IP地址'
参数:'服务器端口'; 说明:'U31 FTP服务器的端口号'
参数:'用户名'; 说明:'访问U31 FTP server服务器的用户名'","安装与调试-对接指南-对接U31 NMS系统-配置资源南向FTP服务器参数-步骤:
安装与调试-对接指南-对接U31 NMS系统-配置资源南向FTP服务器参数-步骤-表1  资源南向FTP客户端参数说明:
参数:'密码'; 说明:'访问U31 FTP server服务器的密码'
安装与调试-对接指南-对接U31 NMS系统-配置资源南向FTP服务器参数-步骤-说明：
资源南向FTP服务器设置页面的配置应和U31 NMS侧的配置保持一致。
参数配置完毕后，单击添加按钮。"
