"安装与调试-对接指南-对接MANO-对接MANO工作流程-概述
本节介绍对接MANO的工作流程。
安装与调试-对接指南-对接MANO-对接MANO工作流程-对接MANO工作流程
添用admin用户登录系统，创建领域管理员DomainAdmin用户，以DomainAdmin用户账户登录TECS Director。
添加数据中心，添加云环境（TECS OpenStack/TECS Director），具体操作参见“在TECS 云管系统对接TECS OpenStack”。
创建资源组。
创建VDC(Virtual Data Center, 虚拟数据中心)和组织，把VDC绑定到组织上，并给VDC绑定用户，配置组织管理员。
具体操作参见“配置VDC和组织”。
通过查看云环境详细信息的URL链接来查询cloudenvid，具体操作参见“获取云环境CloudEnvId信息”。
对接配置完成后的验证及相关操作。
安装与调试-对接指南-对接MANO-对接MANO工作流程-对接MANO工作流程
### 使用组织管理员的用户名和密码以及创建VDC时默认创建的租户名（默认租户名为“VDC名称admin”）登录云环境（URL为POST http://云管系统IP:Port/CloudEnvId/v2.0/tokens），获取tokens和endpoint信息。具体操作参见“对接云环境”。使用获取的tokens和endpoint信息进行原生接口的访问。
| 如果... | 那么... |
|---|---|
| '在云环境控制节点上执行;docker ps -a | grep iag;能够查询到结果的，例如;[root@host-192-163-123-2 ~]# docker ps -a |grep iag;a2b5848bad45 iag:20190131 ""/bin/bash"" 8 weeks ago Up 13 days iag_20190131' | '云环境为TECSV3.17.15及之前版本。' |
| '在云环境控制节点上执行;docker ps -a | grep iag;没有查询到结果的，例如;[root@tecs201 ~]# docker ps -a |grep iag;[root@tecs201 ~]#' | '云环境为TECSV3.17.15P01及以后版本。' |

安装与调试-对接指南-对接MANO-对接MANO工作流程-对接MANO工作流程-说明：
对接云环境为TECSV3.17.15及之前版本的用https方式443端口对接。
对接云环境为TECSV3.17.15P01及以后版本的用https方式5000端口对接。
在TECS Director上配置性能北向FTP参数。具体操作参见“配置性能北向FTP参数”。
在TECS Director上配置资源北向FTP参数。具体操作参见“配置资源北向FTP参数”。","安装与调试-对接指南-对接MANO-对接MANO工作流程-概述
本节介绍对接MANO的工作流程。

安装与调试-对接指南-对接MANO-对接MANO工作流程-对接MANO工作流程:
添用admin用户登录系统，创建领域管理员DomainAdmin用户，以DomainAdmin用户账户登录TECS Director。
添加数据中心，添加云环境（TECS OpenStack/TECS Director），具体操作参见“在TECS 云管系统对接TECS OpenStack”。
创建资源组。创建VDC(Virtual Data Center, 虚拟数据中心)和组织，把VDC绑定到组织上，并给VDC绑定用户，配置组织管理员","安装与调试-对接指南-对接MANO-对接MANO工作流程-对接MANO工作流程:
具体操作参见“配置VDC和组织”。
通过查看云环境详细信息的URL链接来查询cloudenvid，具体操作参见“获取云环境CloudEnvId信息”。对接配置完成后的验证及相关操作。 安装与调试-对接指南-对接MANO-对接MANO工作流程-对接MANO工作流程-使用组织管理员的用户名和密码以及创建VDC时默认创建的租户名（默认租户名为“VDC名称admin”）登录云环境（URL为POST http://云管系统IP:Port/CloudEnvId/v2.0/tokens），获取tokens和endpoint信息。具体操作参见“对接云环境”。使用获取的tokens和endpoint信息进行原生接口的访问。:
如果...:'在云环境控制节点上执行;docker ps -a | grep iag;能够查询到结果的，例如;[root@host-192-163-123-2 ~]# docker ps -a |grep iag;a2b5848bad45 iag:20190131 ""/bin/bash"" 8 weeks ago Up 13 days iag_20190131'; 那么...:'云环境为TECSV3.17.15及之前版本。'","安装与调试-对接指南-对接MANO-对接MANO工作流程-对接MANO工作流程:


安装与调试-对接指南-对接MANO-对接MANO工作流程-对接MANO工作流程-使用组织管理员的用户名和密码以及创建VDC时默认创建的租户名（默认租户名为“VDC名称admin”）登录云环境（URL为POST http://云管系统IP:Port/CloudEnvId/v2.0/tokens），获取tokens和endpoint信息。具体操作参见“对接云环境”。使用获取的tokens和endpoint信息进行原生接口的访问。:
如果...:'在云环境控制节点上执行;docker ps -a | grep iag;没有查询到结果的，例如;[root@tecs201 ~]# docker ps -a |grep iag;[root@tecs201 ~]#'; 那么...:'云环境为TECSV3.17.15P01及以后版本。'","安装与调试-对接指南-对接MANO-对接MANO工作流程-对接MANO工作流程:
安装与调试-对接指南-对接MANO-对接MANO工作流程-对接MANO工作流程-说明：
对接云环境为TECSV3.17.15及之前版本的用https方式443端口对接。
对接云环境为TECSV3.17.15P01及以后版本的用https方式5000端口对接。
在TECS Director上配置性能北向FTP参数。具体操作参见“配置性能北向FTP参数”。在TECS Director上配置资源北向FTP参数","安装与调试-对接指南-对接MANO-对接MANO工作流程-对接MANO工作流程:
具体操作参见“配置资源北向FTP参数”。;
"
