"安装与调试-对接指南-对接异厂家VIM-摘要
本节介绍配置支持异厂家VIM(Virtualized Infrastructure Manager, 虚拟化基础设施管理系统)管理及统一跳转的操作步骤。本任务以对接供应商为Red
Hat的云环境为例。
安装与调试-对接指南-对接异厂家VIM-步骤
以领域管理员账户登录TECS Director系统。
单击导航按钮，选择基础设施→数据中心，打开数据中心页面。
在数据中心页面，单击添加数据中心，打开添加数据中心页面，如图1所示。
图1  配置数据中心信息
配置数据中心信息，配置结束，单击添加按钮。
在数据中心页面，单击新建的数据中心，打开数据中心详情页面，单击对接环境→云环境，切换至云环境页签，如图2所示。
图2  数据中心详情页面
在云环境页面，单击添加云环境，打开添加云环境页面，如图3所示。
图3  添加云环境页面
在添加云环境页面，配置云环境参数，如图4所示。参数说明参见表1。
图4  云环境参数配置实例
安装与调试-对接指南-对接异厂家VIM-步骤
### 表1  云环境参数说明
| 参数 | 说明 |
|---|---|
| '云环境名称' | '接入云环境的名称，自定义。' |
| '物理位置' | '云环境物理位置，可以根据实际的情况填写。' |
| '类型' | '接入云环境的类型，可以是KVM和vcenter，目前选择KVM。' |
| '供应商' | '从下拉菜单中选择异厂家供应商名称，例如：China Mobile，REDHAT和HUA WEI。' |
| '可用区' | '候选可用区列表是数据中心规划创建且未被其他云环境使用的可用区，若无空闲可用区，可到编辑数据中心进行增加。' |
| 'Openstack对接参数' | 'Openstack对接参数' |
| '认证url' | '填写访问Openstack原生;API(Application Program Interface, 应用程序接口);接口的认证;URL(Uniform Resource Locator, 统一资源定位符);。' |
| '用户名/密码' | '填写用于和Openstack对接的用户名和密码。' |
| '默认租户' | '默认为admin。' |
| 'Keystone版本' | '从下拉列表中选择，V2或V3' |
| 'Provider对接参数' | 'Provider对接参数' |
| '认证URL' | '填写访问Provider运维API接口的的URL。' |
| '门户URL' | '填写跳转到Provider门户的URL。' |
| '用户名/密码' | '填写用于和Provider对接的用户名和密码。' |
| '默认租户' | '默认为admin。' |
| 'Keystone版本' | '从下拉列表中选择，V2或V3。' |
| '描述' | '云环境的描述，自定义。' |

单击添加按钮，系统提示成功添加云环境。在云环境页面显示新增异厂家的云环境信息，如图5所示。
图5  异厂家云环境
安装与调试-对接指南-对接异厂家VIM-相关任务
在云环境页面，单击新增异厂家云环境的门户Url链接，可以跳转到对应的异厂家Provider页面。","安装与调试-对接指南-对接异厂家VIM-摘要
本节介绍配置支持异厂家VIM(Virtualized Infrastructure Manager, 虚拟化基础设施管理系统)管理及统一跳转的操作步骤。本任务以对接供应商为Red
Hat的云环境为例。

安装与调试-对接指南-对接异厂家VIM-步骤:
以领域管理员账户登录TECS Director系统。
单击导航按钮，选择基础设施→数据中心，打开数据中心页面。
在数据中心页面，单击添加数据中心，打开添加数据中心页面，如图1所示。
图1  配置数据中心信息配置数据中心信息，配置结束，单击添加按钮","安装与调试-对接指南-对接异厂家VIM-步骤:
在数据中心页面，单击新建的数据中心，打开数据中心详情页面，单击对接环境→云环境，切换至云环境页签，如图2所示。
图2  数据中心详情页面
在云环境页面，单击添加云环境，打开添加云环境页面，如图3所示。
图3  添加云环境页面在添加云环境页面，配置云环境参数，如图4所示。参数说明参见表1。图4  云环境参数配置实例 安装与调试-对接指南-对接异厂家VIM-步骤-表1  云环境参数说明:
参数:'云环境名称'; 说明:'接入云环境的名称，自定义。'","安装与调试-对接指南-对接异厂家VIM-步骤:
 安装与调试-对接指南-对接异厂家VIM-步骤-表1  云环境参数说明:
参数:'物理位置'; 说明:'云环境物理位置，可以根据实际的情况填写。'
参数:'类型'; 说明:'接入云环境的类型，可以是KVM和vcenter，目前选择KVM。'
参数:'供应商'; 说明:'从下拉菜单中选择异厂家供应商名称，例如：China Mobile，REDHAT和HUA WEI。'","安装与调试-对接指南-对接异厂家VIM-步骤:
 安装与调试-对接指南-对接异厂家VIM-步骤-表1  云环境参数说明:
参数:'可用区'; 说明:'候选可用区列表是数据中心规划创建且未被其他云环境使用的可用区，若无空闲可用区，可到编辑数据中心进行增加。'
参数:'Openstack对接参数'; 说明:'Openstack对接参数'
参数:'认证url'; 说明:'填写访问Openstack原生;API(Application Program Interface, 应用程序接口);接口的认证;URL(Uniform Resource Locator, 统一资源定位符);。'","安装与调试-对接指南-对接异厂家VIM-步骤:
 安装与调试-对接指南-对接异厂家VIM-步骤-表1  云环境参数说明:
参数:'用户名/密码'; 说明:'填写用于和Openstack对接的用户名和密码。'
参数:'默认租户'; 说明:'默认为admin。'
参数:'Keystone版本'; 说明:'从下拉列表中选择，V2或V3'
参数:'Provider对接参数'; 说明:'Provider对接参数'
参数:'认证URL'; 说明:'填写访问Provider运维API接口的的URL。'","安装与调试-对接指南-对接异厂家VIM-步骤:
安装与调试-对接指南-对接异厂家VIM-步骤-表1  云环境参数说明:
参数:'门户URL'; 说明:'填写跳转到Provider门户的URL。'
参数:'用户名/密码'; 说明:'填写用于和Provider对接的用户名和密码。'
参数:'默认租户'; 说明:'默认为admin。'
参数:'Keystone版本'; 说明:'从下拉列表中选择，V2或V3。'
参数:'描述'; 说明:'云环境的描述，自定义。'单击添加按钮，系统提示成功添加云环境","安装与调试-对接指南-对接异厂家VIM-步骤
在云环境页面显示新增异厂家的云环境信息，如图5所示。;

图5  异厂家云环境
安装与调试-对接指南-对接异厂家VIM-相关任务
在云环境页面，单击新增异厂家云环境的门户Url链接，可以跳转到对应的异厂家Provider页面。"
