"安装与调试-对接指南-对接TECS OpenStack
ZTE(Zhongxing Telecommunications Equipment, 中兴通讯) TECS(Tulip Elastic Cloud System, 郁金香弹性云系统)包括五个组件：计算资源虚拟化（TECS(Tulip Elastic Cloud System, 郁金香弹性云系统) Compute）、存储资源虚拟化（TECS(Tulip Elastic Cloud System, 郁金香弹性云系统) Storage）、网络资源虚拟化（TECS(Tulip Elastic Cloud System, 郁金香弹性云系统) Network）、基础设施云平台(TECS(Tulip Elastic Cloud System, 郁金香弹性云系统) OpenStack/Provider)
和云管理平台 (TECS Director)，如图1所示。
图1  ZTE TECS组件","安装与调试-对接指南-对接TECS OpenStack:
ZTE(Zhongxing Telecommunications Equipment, 中兴通讯) TECS(Tulip Elastic Cloud System, 郁金香弹性云系统)包括五个组件：计算资源虚拟化（TECS(Tulip Elastic Cloud System, 郁金香弹性云系统) Compute）、存储资源虚拟化（TECS(Tulip Elastic Cloud System, 郁金香弹性云系统) Storage）、网络资源虚拟化（TECS(Tulip Elastic Cloud System, 郁金香弹性云系统) Network）、基础设施云平台(TECS(Tulip Elastic Cloud System, 郁金香弹性云系统) OpenStack/Provider)","安装与调试-对接指南-对接TECS OpenStack:
和云管理平台 (TECS Director)，如图1所示。
图1  ZTE TECS组件"
