"安装与调试-对接指南-对接TECS OpenStack-TECS OpenStack告警上报到TECS 云管系统配置说明-配置TECS OpenStack SNMP参数-摘要
本任务介绍了如何配置TECS OpenStack上报告警的地址。上报告警的地址是TECS Director地址，对应TECS Director南向网络平面地址。
安装与调试-对接指南-对接TECS OpenStack-TECS OpenStack告警上报到TECS 云管系统配置说明-配置TECS OpenStack SNMP参数-步骤
登录TECS OpenStack系统，选择监控中心→运维设置→告警设置→北向设置，打开TRAP设置页面，如图1所示。
图1  TRAP设置页面
单击TRAP设置区域的添加TRAP设置按钮，配置TRAP参数，如图2所示。参数说明参见表1。
图2  配置TRAP参数
安装与调试-对接指南-对接TECS OpenStack-TECS OpenStack告警上报到TECS 云管系统配置说明-配置TECS OpenStack SNMP参数-步骤
### 表1  TRAP参数说明
| 参数 | 说明 |
|---|---|
| 'IP地址' | 'IP地址为TECS Director南向网络平面的浮动IP。;TECS Director双机的物理地址，和检查TECS OpenStack告警上报地址配置参数中common_vim_ip同网段。' |
| '端口' | '配置为固定的40002。' |
| 'SNMP协议类型' | 'SNMP(Simple Network Management Protocol, 简单网络管理协议);协议类型为v3。' |
| '用户名' | '用户名必须与;TECS Director;配一致置。' |
| '安全级别' | '安全级别包括：认证&加密、认证&不加密、不认证&不加密。' |
| '认证模式' | '认证模式必须与;TECS Director;配一致置。;认证模式包括：MD5(Message Digest 5 Algorithm, 信息-摘要算法5)、SHA(Secure Hash Algorithm, 安全哈希算法)。' |
| '认证密码' | '认证密码必须与;TECS Director;配一致置。' |
| '加密模式' | '加密模式包括：;AES(Advanced Encryption Standard, 高级加密标准);、;DES(Data Encryption Standard, 数据加密标准)' |
| '加密密码' | '设置加密密码，密码长度不能小于8位。' |

配置结束，单击添加按钮。
单击启用按钮，启用TRAP功能，如图3所示。
图3  开启TRAP功能
在TECS Director系统，确认告警SNMP V3设置参数和TECS OpenStack保持一致，如图4所示。
图4  告警SNMP V3设置","安装与调试-对接指南-对接TECS OpenStack-TECS OpenStack告警上报到TECS 云管系统配置说明-配置TECS OpenStack SNMP参数-摘要
本任务介绍了如何配置TECS OpenStack上报告警的地址。上报告警的地址是TECS Director地址，对应TECS Director南向网络平面地址。

安装与调试-对接指南-对接TECS OpenStack-TECS OpenStack告警上报到TECS 云管系统配置说明-配置TECS OpenStack SNMP参数-步骤:
登录TECS OpenStack系统，选择监控中心→运维设置→告警设置→北向设置，打开TRAP设置页面，如图1所示","安装与调试-对接指南-对接TECS OpenStack-TECS OpenStack告警上报到TECS 云管系统配置说明-配置TECS OpenStack SNMP参数-步骤:
图1  TRAP设置页面单击TRAP设置区域的添加TRAP设置按钮，配置TRAP参数，如图2所示。参数说明参见表1。图2  配置TRAP参数 安装与调试-对接指南-对接TECS OpenStack-TECS OpenStack告警上报到TECS 云管系统配置说明-配置TECS OpenStack SNMP参数-步骤-表1  TRAP参数说明:
参数:'IP地址'; 说明:'IP地址为TECS Director南向网络平面的浮动IP。;TECS Director双机的物理地址，和检查TECS OpenStack告警上报地址配置参数中common_vim_ip同网段。'","安装与调试-对接指南-对接TECS OpenStack-TECS OpenStack告警上报到TECS 云管系统配置说明-配置TECS OpenStack SNMP参数-步骤:
 安装与调试-对接指南-对接TECS OpenStack-TECS OpenStack告警上报到TECS 云管系统配置说明-配置TECS OpenStack SNMP参数-步骤-表1  TRAP参数说明:
参数:'端口'; 说明:'配置为固定的40002。'","安装与调试-对接指南-对接TECS OpenStack-TECS OpenStack告警上报到TECS 云管系统配置说明-配置TECS OpenStack SNMP参数-步骤:
 安装与调试-对接指南-对接TECS OpenStack-TECS OpenStack告警上报到TECS 云管系统配置说明-配置TECS OpenStack SNMP参数-步骤-表1  TRAP参数说明:
参数:'SNMP协议类型'; 说明:'SNMP(Simple Network Management Protocol, 简单网络管理协议);协议类型为v3。'","安装与调试-对接指南-对接TECS OpenStack-TECS OpenStack告警上报到TECS 云管系统配置说明-配置TECS OpenStack SNMP参数-步骤:
 安装与调试-对接指南-对接TECS OpenStack-TECS OpenStack告警上报到TECS 云管系统配置说明-配置TECS OpenStack SNMP参数-步骤-表1  TRAP参数说明:
参数:'用户名'; 说明:'用户名必须与;TECS Director;配一致置。'","安装与调试-对接指南-对接TECS OpenStack-TECS OpenStack告警上报到TECS 云管系统配置说明-配置TECS OpenStack SNMP参数-步骤:
 安装与调试-对接指南-对接TECS OpenStack-TECS OpenStack告警上报到TECS 云管系统配置说明-配置TECS OpenStack SNMP参数-步骤-表1  TRAP参数说明:
参数:'安全级别'; 说明:'安全级别包括：认证&加密、认证&不加密、不认证&不加密。'","安装与调试-对接指南-对接TECS OpenStack-TECS OpenStack告警上报到TECS 云管系统配置说明-配置TECS OpenStack SNMP参数-步骤:
 安装与调试-对接指南-对接TECS OpenStack-TECS OpenStack告警上报到TECS 云管系统配置说明-配置TECS OpenStack SNMP参数-步骤-表1  TRAP参数说明:
参数:'认证模式'; 说明:'认证模式必须与;TECS Director;配一致置。;认证模式包括：MD5(Message Digest 5 Algorithm, 信息-摘要算法5)、SHA(Secure Hash Algorithm, 安全哈希算法)。'","安装与调试-对接指南-对接TECS OpenStack-TECS OpenStack告警上报到TECS 云管系统配置说明-配置TECS OpenStack SNMP参数-步骤:
 安装与调试-对接指南-对接TECS OpenStack-TECS OpenStack告警上报到TECS 云管系统配置说明-配置TECS OpenStack SNMP参数-步骤-表1  TRAP参数说明:
参数:'认证密码'; 说明:'认证密码必须与;TECS Director;配一致置。'","安装与调试-对接指南-对接TECS OpenStack-TECS OpenStack告警上报到TECS 云管系统配置说明-配置TECS OpenStack SNMP参数-步骤:
 安装与调试-对接指南-对接TECS OpenStack-TECS OpenStack告警上报到TECS 云管系统配置说明-配置TECS OpenStack SNMP参数-步骤-表1  TRAP参数说明:
参数:'加密模式'; 说明:'加密模式包括：;AES(Advanced Encryption Standard, 高级加密标准);、;DES(Data Encryption Standard, 数据加密标准)'","安装与调试-对接指南-对接TECS OpenStack-TECS OpenStack告警上报到TECS 云管系统配置说明-配置TECS OpenStack SNMP参数-步骤:
安装与调试-对接指南-对接TECS OpenStack-TECS OpenStack告警上报到TECS 云管系统配置说明-配置TECS OpenStack SNMP参数-步骤-表1  TRAP参数说明:
参数:'加密密码'; 说明:'设置加密密码，密码长度不能小于8位。'
配置结束，单击添加按钮。单击启用按钮，启用TRAP功能，如图3所示","安装与调试-对接指南-对接TECS OpenStack-TECS OpenStack告警上报到TECS 云管系统配置说明-配置TECS OpenStack SNMP参数-步骤:
图3  开启TRAP功能
在TECS Director系统，确认告警SNMP V3设置参数和TECS OpenStack保持一致，如图4所示。
图4  告警SNMP V3设置"
